spend_date,channel_name,spend
2024-11-01,Google Ads,164.95
2024-11-01,Facebook Ads,211.18
2024-11-01,Instagram,232.63
2024-11-01,Email,190.0
2024-11-01,Direct,0.0
2024-11-01,Referral,201.35
2024-11-02,Google Ads,84.68
2024-11-02,Facebook Ads,183.24
2024-11-02,Instagram,87.63
2024-11-02,Email,86.68
2024-11-02,Direct,298.81
2024-11-02,Referral,174.39
2024-11-03,Google Ads,168.27
2024-11-03,Facebook Ads,238.6
2024-11-03,Instagram,170.35
2024-11-03,Email,368.3
2024-11-03,Direct,178.16
2024-11-03,Referral,229.21
2024-11-04,Google Ads,277.68
2024-11-04,Facebook Ads,328.18
2024-11-04,Instagram,140.64
2024-11-04,Email,166.56
2024-11-04,Direct,301.97
2024-11-04,Referral,264.8
2024-11-05,Google Ads,286.01
2024-11-05,Facebook Ads,90.5
2024-11-05,Instagram,323.84
2024-11-05,Email,139.09
2024-11-05,Direct,215.38
2024-11-05,Referral,188.14
2024-11-06,Google Ads,129.72
2024-11-06,Facebook Ads,87.0
2024-11-06,Instagram,60.49
2024-11-06,Email,209.52
2024-11-06,Direct,77.97
2024-11-06,Referral,109.29
2024-11-07,Google Ads,182.56
2024-11-07,Facebook Ads,0.0
2024-11-07,Instagram,262.32
2024-11-07,Email,7.21
2024-11-07,Direct,193.81
2024-11-07,Referral,201.2
2024-11-08,Google Ads,243.04
2024-11-08,Facebook Ads,196.67
2024-11-08,Instagram,361.43
2024-11-08,Email,217.31
2024-11-08,Direct,284.29
2024-11-08,Referral,142.12
2024-11-09,Google Ads,209.66
2024-11-09,Facebook Ads,323.81
2024-11-09,Instagram,180.98
2024-11-09,Email,215.38
2024-11-09,Direct,278.47
2024-11-09,Referral,140.62
2024-11-10,Google Ads,27.08
2024-11-10,Facebook Ads,220.45
2024-11-10,Instagram,279.09
2024-11-10,Email,91.88
2024-11-10,Direct,253.62
2024-11-10,Referral,254.16
2024-11-11,Google Ads,18.12
2024-11-11,Facebook Ads,125.1
2024-11-11,Instagram,168.33
2024-11-11,Email,185.63
2024-11-11,Direct,140.55
2024-11-11,Referral,136.24
2024-11-12,Google Ads,333.72
2024-11-12,Facebook Ads,191.4
2024-11-12,Instagram,144.4
2024-11-12,Email,196.71
2024-11-12,Direct,242.97
2024-11-12,Referral,204.13
2024-11-13,Google Ads,183.54
2024-11-13,Facebook Ads,148.0
2024-11-13,Instagram,147.03
2024-11-13,Email,152.18
2024-11-13,Direct,227.11
2024-11-13,Referral,120.47
2024-11-14,Google Ads,231.46
2024-11-14,Facebook Ads,313.04
2024-11-14,Instagram,226.06
2024-11-14,Email,170.43
2024-11-14,Direct,96.15
2024-11-14,Referral,326.25
2024-11-15,Google Ads,106.4
2024-11-15,Facebook Ads,267.88
2024-11-15,Instagram,251.08
2024-11-15,Email,181.06
2024-11-15,Direct,178.96
2024-11-15,Referral,53.14
2024-11-16,Google Ads,226.41
2024-11-16,Facebook Ads,249.59
2024-11-16,Instagram,112.87
2024-11-16,Email,187.53
2024-11-16,Direct,203.03
2024-11-16,Referral,246.77
2024-11-17,Google Ads,200.3
2024-11-17,Facebook Ads,69.89
2024-11-17,Instagram,157.6
2024-11-17,Email,217.97
2024-11-17,Direct,267.32
2024-11-17,Referral,150.59
2024-11-18,Google Ads,375.01
2024-11-18,Facebook Ads,48.44
2024-11-18,Instagram,154.9
2024-11-18,Email,193.36
2024-11-18,Direct,183.94
2024-11-18,Referral,101.43
2024-11-19,Google Ads,235.83
2024-11-19,Facebook Ads,229.69
2024-11-19,Instagram,203.84
2024-11-19,Email,226.55
2024-11-19,Direct,166.1
2024-11-19,Referral,70.61
2024-11-20,Google Ads,142.67
2024-11-20,Facebook Ads,212.56
2024-11-20,Instagram,213.02
2024-11-20,Email,203.31
2024-11-20,Direct,243.9
2024-11-20,Referral,153.51
2024-11-21,Google Ads,202.13
2024-11-21,Facebook Ads,245.77
2024-11-21,Instagram,193.21
2024-11-21,Email,100.53
2024-11-21,Direct,123.08
2024-11-21,Referral,266.47
2024-11-22,Google Ads,311.4
2024-11-22,Facebook Ads,294.02
2024-11-22,Instagram,218.57
2024-11-22,Email,103.75
2024-11-22,Direct,199.49
2024-11-22,Referral,324.98
2024-11-23,Google Ads,249.48
2024-11-23,Facebook Ads,183.4
2024-11-23,Instagram,250.29
2024-11-23,Email,98.45
2024-11-23,Direct,144.35
2024-11-23,Referral,113.26
2024-11-24,Google Ads,237.57
2024-11-24,Facebook Ads,257.13
2024-11-24,Instagram,187.69
2024-11-24,Email,130.17
2024-11-24,Direct,198.42
2024-11-24,Referral,161.07
2024-11-25,Google Ads,136.31
2024-11-25,Facebook Ads,227.12
2024-11-25,Instagram,139.36
2024-11-25,Email,74.69
2024-11-25,Direct,92.47
2024-11-25,Referral,71.74
2024-11-26,Google Ads,219.8
2024-11-26,Facebook Ads,212.03
2024-11-26,Instagram,208.04
2024-11-26,Email,247.02
2024-11-26,Direct,295.36
2024-11-26,Referral,152.62
2024-11-27,Google Ads,232.52
2024-11-27,Facebook Ads,73.63
2024-11-27,Instagram,310.3
2024-11-27,Email,100.41
2024-11-27,Direct,143.19
2024-11-27,Referral,152.18
2024-11-28,Google Ads,77.9
2024-11-28,Facebook Ads,202.61
2024-11-28,Instagram,217.11
2024-11-28,Email,184.85
2024-11-28,Direct,76.78
2024-11-28,Referral,358.67
2024-11-29,Google Ads,243.94
2024-11-29,Facebook Ads,410.74
2024-11-29,Instagram,135.59
2024-11-29,Email,276.63
2024-11-29,Direct,262.34
2024-11-29,Referral,176.75
2024-11-30,Google Ads,312.88
2024-11-30,Facebook Ads,167.57
2024-11-30,Instagram,171.13
2024-11-30,Email,0.0
2024-11-30,Direct,232.72
2024-11-30,Referral,93.96
2024-12-01,Google Ads,155.94
2024-12-01,Facebook Ads,117.9
2024-12-01,Instagram,170.7
2024-12-01,Email,235.51
2024-12-01,Direct,200.89
2024-12-01,Referral,256.77
2024-12-02,Google Ads,301.25
2024-12-02,Facebook Ads,170.5
2024-12-02,Instagram,161.71
2024-12-02,Email,276.62
2024-12-02,Direct,282.96
2024-12-02,Referral,259.25
2024-12-03,Google Ads,123.83
2024-12-03,Facebook Ads,233.81
2024-12-03,Instagram,208.76
2024-12-03,Email,284.2
2024-12-03,Direct,154.17
2024-12-03,Referral,66.67
2024-12-04,Google Ads,255.22
2024-12-04,Facebook Ads,0.0
2024-12-04,Instagram,141.48
2024-12-04,Email,118.14
2024-12-04,Direct,117.61
2024-12-04,Referral,140.08
2024-12-05,Google Ads,297.39
2024-12-05,Facebook Ads,265.64
2024-12-05,Instagram,179.86
2024-12-05,Email,290.69
2024-12-05,Direct,115.02
2024-12-05,Referral,104.14
2024-12-06,Google Ads,269.09
2024-12-06,Facebook Ads,246.37
2024-12-06,Instagram,163.18
2024-12-06,Email,109.16
2024-12-06,Direct,316.78
2024-12-06,Referral,62.39
2024-12-07,Google Ads,152.13
2024-12-07,Facebook Ads,218.29
2024-12-07,Instagram,344.17
2024-12-07,Email,230.65
2024-12-07,Direct,238.42
2024-12-07,Referral,154.45
2024-12-08,Google Ads,245.48
2024-12-08,Facebook Ads,208.42
2024-12-08,Instagram,72.92
2024-12-08,Email,263.43
2024-12-08,Direct,277.63
2024-12-08,Referral,264.27
2024-12-09,Google Ads,202.67
2024-12-09,Facebook Ads,123.51
2024-12-09,Instagram,15.27
2024-12-09,Email,212.56
2024-12-09,Direct,286.56
2024-12-09,Referral,279.64
2024-12-10,Google Ads,265.29
2024-12-10,Facebook Ads,194.06
2024-12-10,Instagram,287.0
2024-12-10,Email,273.93
2024-12-10,Direct,166.19
2024-12-10,Referral,254.13
2024-12-11,Google Ads,157.12
2024-12-11,Facebook Ads,243.2
2024-12-11,Instagram,96.07
2024-12-11,Email,102.22
2024-12-11,Direct,284.66
2024-12-11,Referral,275.0
2024-12-12,Google Ads,250.69
2024-12-12,Facebook Ads,207.04
2024-12-12,Instagram,8.7
2024-12-12,Email,194.01
2024-12-12,Direct,236.33
2024-12-12,Referral,157.22
2024-12-13,Google Ads,143.0
2024-12-13,Facebook Ads,315.55
2024-12-13,Instagram,195.18
2024-12-13,Email,236.38
2024-12-13,Direct,261.93
2024-12-13,Referral,119.89
2024-12-14,Google Ads,215.46
2024-12-14,Facebook Ads,305.57
2024-12-14,Instagram,345.54
2024-12-14,Email,203.19
2024-12-14,Direct,180.96
2024-12-14,Referral,221.52
2024-12-15,Google Ads,219.49
2024-12-15,Facebook Ads,310.94
2024-12-15,Instagram,120.29
2024-12-15,Email,177.61
2024-12-15,Direct,110.63
2024-12-15,Referral,119.03
2024-12-16,Google Ads,230.13
2024-12-16,Facebook Ads,264.79
2024-12-16,Instagram,148.05
2024-12-16,Email,261.77
2024-12-16,Direct,288.93
2024-12-16,Referral,354.78
2024-12-17,Google Ads,205.58
2024-12-17,Facebook Ads,148.82
2024-12-17,Instagram,119.8
2024-12-17,Email,111.86
2024-12-17,Direct,299.98
2024-12-17,Referral,78.79
2024-12-18,Google Ads,297.42
2024-12-18,Facebook Ads,130.52
2024-12-18,Instagram,145.18
2024-12-18,Email,187.88
2024-12-18,Direct,143.71
2024-12-18,Referral,274.56
2024-12-19,Google Ads,345.07
2024-12-19,Facebook Ads,147.41
2024-12-19,Instagram,165.42
2024-12-19,Email,186.93
2024-12-19,Direct,243.28
2024-12-19,Referral,187.72
2024-12-20,Google Ads,310.98
2024-12-20,Facebook Ads,291.73
2024-12-20,Instagram,105.16
2024-12-20,Email,241.68
2024-12-20,Direct,321.63
2024-12-20,Referral,160.42
2024-12-21,Google Ads,176.46
2024-12-21,Facebook Ads,157.76
2024-12-21,Instagram,159.43
2024-12-21,Email,66.52
2024-12-21,Direct,93.73
2024-12-21,Referral,206.2
2024-12-22,Google Ads,321.09
2024-12-22,Facebook Ads,150.93
2024-12-22,Instagram,148.58
2024-12-22,Email,336.12
2024-12-22,Direct,111.34
2024-12-22,Referral,67.1
2024-12-23,Google Ads,133.72
2024-12-23,Facebook Ads,146.98
2024-12-23,Instagram,60.2
2024-12-23,Email,189.76
2024-12-23,Direct,275.88
2024-12-23,Referral,97.12
2024-12-24,Google Ads,207.01
2024-12-24,Facebook Ads,231.67
2024-12-24,Instagram,193.33
2024-12-24,Email,214.86
2024-12-24,Direct,215.79
2024-12-24,Referral,134.98
2024-12-25,Google Ads,319.89
2024-12-25,Facebook Ads,299.82
2024-12-25,Instagram,295.19
2024-12-25,Email,281.09
2024-12-25,Direct,74.0
2024-12-25,Referral,274.08
2024-12-26,Google Ads,252.45
2024-12-26,Facebook Ads,77.08
2024-12-26,Instagram,182.81
2024-12-26,Email,222.14
2024-12-26,Direct,333.15
2024-12-26,Referral,257.98
2024-12-27,Google Ads,130.83
2024-12-27,Facebook Ads,335.63
2024-12-27,Instagram,203.5
2024-12-27,Email,179.53
2024-12-27,Direct,173.83
2024-12-27,Referral,70.12
2024-12-28,Google Ads,191.22
2024-12-28,Facebook Ads,239.8
2024-12-28,Instagram,169.17
2024-12-28,Email,233.64
2024-12-28,Direct,130.85
2024-12-28,Referral,188.73
2024-12-29,Google Ads,225.32
2024-12-29,Facebook Ads,215.17
2024-12-29,Instagram,71.56
2024-12-29,Email,164.88
2024-12-29,Direct,334.2
2024-12-29,Referral,160.6
2024-12-30,Google Ads,201.26
2024-12-30,Facebook Ads,193.06
2024-12-30,Instagram,325.46
2024-12-30,Email,303.23
2024-12-30,Direct,264.6
2024-12-30,Referral,122.14
2024-12-31,Google Ads,228.73
2024-12-31,Facebook Ads,245.44
2024-12-31,Instagram,144.11
2024-12-31,Email,130.36
2024-12-31,Direct,336.4
2024-12-31,Referral,175.94
2025-01-01,Google Ads,329.2
2025-01-01,Facebook Ads,279.77
2025-01-01,Instagram,232.63
2025-01-01,Email,236.2
2025-01-01,Direct,87.97
2025-01-01,Referral,216.54
2025-01-02,Google Ads,313.36
2025-01-02,Facebook Ads,254.51
2025-01-02,Instagram,212.35
2025-01-02,Email,336.95
2025-01-02,Direct,185.2
2025-01-02,Referral,150.44
2025-01-03,Google Ads,212.31
2025-01-03,Facebook Ads,261.32
2025-01-03,Instagram,62.58
2025-01-03,Email,222.79
2025-01-03,Direct,264.83
2025-01-03,Referral,178.43
2025-01-04,Google Ads,288.56
2025-01-04,Facebook Ads,251.29
2025-01-04,Instagram,371.31
2025-01-04,Email,139.95
2025-01-04,Direct,266.46
2025-01-04,Referral,118.61
2025-01-05,Google Ads,70.77
2025-01-05,Facebook Ads,37.16
2025-01-05,Instagram,243.07
2025-01-05,Email,214.74
2025-01-05,Direct,161.68
2025-01-05,Referral,58.12
2025-01-06,Google Ads,144.77
2025-01-06,Facebook Ads,200.33
2025-01-06,Instagram,263.45
2025-01-06,Email,198.68
2025-01-06,Direct,220.16
2025-01-06,Referral,169.91
2025-01-07,Google Ads,339.94
2025-01-07,Facebook Ads,118.54
2025-01-07,Instagram,144.06
2025-01-07,Email,160.61
2025-01-07,Direct,243.42
2025-01-07,Referral,116.89
2025-01-08,Google Ads,210.86
2025-01-08,Facebook Ads,213.19
2025-01-08,Instagram,144.45
2025-01-08,Email,226.4
2025-01-08,Direct,119.37
2025-01-08,Referral,110.63
2025-01-09,Google Ads,207.97
2025-01-09,Facebook Ads,67.22
2025-01-09,Instagram,28.42
2025-01-09,Email,242.63
2025-01-09,Direct,283.92
2025-01-09,Referral,162.66
2025-01-10,Google Ads,146.55
2025-01-10,Facebook Ads,280.44
2025-01-10,Instagram,108.36
2025-01-10,Email,90.93
2025-01-10,Direct,256.61
2025-01-10,Referral,200.72
2025-01-11,Google Ads,285.19
2025-01-11,Facebook Ads,28.78
2025-01-11,Instagram,87.95
2025-01-11,Email,201.15
2025-01-11,Direct,233.41
2025-01-11,Referral,267.76
2025-01-12,Google Ads,213.99
2025-01-12,Facebook Ads,213.17
2025-01-12,Instagram,168.85
2025-01-12,Email,327.27
2025-01-12,Direct,111.76
2025-01-12,Referral,228.72
2025-01-13,Google Ads,120.98
2025-01-13,Facebook Ads,242.78
2025-01-13,Instagram,117.04
2025-01-13,Email,259.51
2025-01-13,Direct,208.97
2025-01-13,Referral,339.57
2025-01-14,Google Ads,177.52
2025-01-14,Facebook Ads,234.0
2025-01-14,Instagram,137.63
2025-01-14,Email,176.97
2025-01-14,Direct,208.46
2025-01-14,Referral,77.82
2025-01-15,Google Ads,86.59
2025-01-15,Facebook Ads,247.99
2025-01-15,Instagram,188.31
2025-01-15,Email,152.57
2025-01-15,Direct,141.04
2025-01-15,Referral,144.12
2025-01-16,Google Ads,209.0
2025-01-16,Facebook Ads,235.6
2025-01-16,Instagram,32.63
2025-01-16,Email,313.03
2025-01-16,Direct,307.34
2025-01-16,Referral,13.55
2025-01-17,Google Ads,286.87
2025-01-17,Facebook Ads,284.42
2025-01-17,Instagram,200.04
2025-01-17,Email,96.23
2025-01-17,Direct,281.22
2025-01-17,Referral,180.7
2025-01-18,Google Ads,243.91
2025-01-18,Facebook Ads,377.54
2025-01-18,Instagram,220.15
2025-01-18,Email,126.65
2025-01-18,Direct,173.14
2025-01-18,Referral,136.84
2025-01-19,Google Ads,234.68
2025-01-19,Facebook Ads,135.51
2025-01-19,Instagram,162.17
2025-01-19,Email,97.25
2025-01-19,Direct,189.43
2025-01-19,Referral,214.14
2025-01-20,Google Ads,0.0
2025-01-20,Facebook Ads,220.77
2025-01-20,Instagram,196.34
2025-01-20,Email,138.8
2025-01-20,Direct,362.29
2025-01-20,Referral,276.68
2025-01-21,Google Ads,112.29
2025-01-21,Facebook Ads,267.06
2025-01-21,Instagram,299.56
2025-01-21,Email,210.56
2025-01-21,Direct,228.92
2025-01-21,Referral,227.07
2025-01-22,Google Ads,33.13
2025-01-22,Facebook Ads,185.05
2025-01-22,Instagram,180.89
2025-01-22,Email,314.41
2025-01-22,Direct,226.7
2025-01-22,Referral,176.19
2025-01-23,Google Ads,192.79
2025-01-23,Facebook Ads,281.87
2025-01-23,Instagram,185.23
2025-01-23,Email,144.14
2025-01-23,Direct,177.94
2025-01-23,Referral,275.26
2025-01-24,Google Ads,239.69
2025-01-24,Facebook Ads,203.54
2025-01-24,Instagram,215.32
2025-01-24,Email,155.22
2025-01-24,Direct,184.48
2025-01-24,Referral,146.94
2025-01-25,Google Ads,176.42
2025-01-25,Facebook Ads,307.69
2025-01-25,Instagram,113.77
2025-01-25,Email,144.9
2025-01-25,Direct,99.66
2025-01-25,Referral,82.33
2025-01-26,Google Ads,185.06
2025-01-26,Facebook Ads,150.59
2025-01-26,Instagram,340.94
2025-01-26,Email,177.37
2025-01-26,Direct,303.15
2025-01-26,Referral,277.44
2025-01-27,Google Ads,183.28
2025-01-27,Facebook Ads,368.81
2025-01-27,Instagram,221.48
2025-01-27,Email,321.04
2025-01-27,Direct,311.73
2025-01-27,Referral,233.17
2025-01-28,Google Ads,260.09
2025-01-28,Facebook Ads,249.93
2025-01-28,Instagram,108.46
2025-01-28,Email,204.58
2025-01-28,Direct,285.94
2025-01-28,Referral,322.09
2025-01-29,Google Ads,142.35
2025-01-29,Facebook Ads,242.31
2025-01-29,Instagram,212.07
2025-01-29,Email,190.57
2025-01-29,Direct,228.48
2025-01-29,Referral,217.44
2025-01-30,Google Ads,243.31
2025-01-30,Facebook Ads,315.34
2025-01-30,Instagram,262.73
2025-01-30,Email,224.85
2025-01-30,Direct,349.17
2025-01-30,Referral,288.79
2025-01-31,Google Ads,192.61
2025-01-31,Facebook Ads,102.63
2025-01-31,Instagram,120.97
2025-01-31,Email,274.66
2025-01-31,Direct,149.58
2025-01-31,Referral,119.36
2025-02-01,Google Ads,139.35
2025-02-01,Facebook Ads,145.01
2025-02-01,Instagram,268.05
2025-02-01,Email,187.46
2025-02-01,Direct,90.21
2025-02-01,Referral,202.48
2025-02-02,Google Ads,217.78
2025-02-02,Facebook Ads,161.65
2025-02-02,Instagram,292.47
2025-02-02,Email,166.32
2025-02-02,Direct,288.67
2025-02-02,Referral,247.74
2025-02-03,Google Ads,274.13
2025-02-03,Facebook Ads,112.12
2025-02-03,Instagram,207.86
2025-02-03,Email,195.77
2025-02-03,Direct,86.24
2025-02-03,Referral,288.4
2025-02-04,Google Ads,134.61
2025-02-04,Facebook Ads,151.23
2025-02-04,Instagram,118.93
2025-02-04,Email,256.09
2025-02-04,Direct,77.93
2025-02-04,Referral,249.43
2025-02-05,Google Ads,283.56
2025-02-05,Facebook Ads,242.97
2025-02-05,Instagram,257.01
2025-02-05,Email,260.76
2025-02-05,Direct,124.05
2025-02-05,Referral,314.78
2025-02-06,Google Ads,163.19
2025-02-06,Facebook Ads,194.69
2025-02-06,Instagram,173.39
2025-02-06,Email,239.32
2025-02-06,Direct,156.96
2025-02-06,Referral,205.35
2025-02-07,Google Ads,101.17
2025-02-07,Facebook Ads,293.17
2025-02-07,Instagram,253.66
2025-02-07,Email,176.62
2025-02-07,Direct,162.47
2025-02-07,Referral,251.57
2025-02-08,Google Ads,143.42
2025-02-08,Facebook Ads,210.03
2025-02-08,Instagram,292.91
2025-02-08,Email,135.1
2025-02-08,Direct,229.49
2025-02-08,Referral,225.26
2025-02-09,Google Ads,192.21
2025-02-09,Facebook Ads,159.7
2025-02-09,Instagram,297.18
2025-02-09,Email,152.19
2025-02-09,Direct,55.04
2025-02-09,Referral,251.24
2025-02-10,Google Ads,103.9
2025-02-10,Facebook Ads,255.35
2025-02-10,Instagram,306.79
2025-02-10,Email,250.38
2025-02-10,Direct,285.71
2025-02-10,Referral,361.6
2025-02-11,Google Ads,277.34
2025-02-11,Facebook Ads,226.45
2025-02-11,Instagram,330.72
2025-02-11,Email,340.38
2025-02-11,Direct,341.5
2025-02-11,Referral,160.63
2025-02-12,Google Ads,91.68
2025-02-12,Facebook Ads,155.74
2025-02-12,Instagram,256.29
2025-02-12,Email,212.73
2025-02-12,Direct,183.48
2025-02-12,Referral,244.84
2025-02-13,Google Ads,82.34
2025-02-13,Facebook Ads,211.29
2025-02-13,Instagram,289.48
2025-02-13,Email,243.95
2025-02-13,Direct,255.34
2025-02-13,Referral,327.79
2025-02-14,Google Ads,194.71
2025-02-14,Facebook Ads,147.75
2025-02-14,Instagram,295.16
2025-02-14,Email,293.69
2025-02-14,Direct,244.66
2025-02-14,Referral,187.17
2025-02-15,Google Ads,200.11
2025-02-15,Facebook Ads,97.86
2025-02-15,Instagram,289.04
2025-02-15,Email,286.21
2025-02-15,Direct,95.07
2025-02-15,Referral,269.41
2025-02-16,Google Ads,232.33
2025-02-16,Facebook Ads,118.24
2025-02-16,Instagram,103.52
2025-02-16,Email,229.88
2025-02-16,Direct,168.18
2025-02-16,Referral,345.6
2025-02-17,Google Ads,276.21
2025-02-17,Facebook Ads,237.9
2025-02-17,Instagram,241.85
2025-02-17,Email,306.47
2025-02-17,Direct,267.72
2025-02-17,Referral,239.98
2025-02-18,Google Ads,121.58
2025-02-18,Facebook Ads,444.96
2025-02-18,Instagram,111.75
2025-02-18,Email,175.0
2025-02-18,Direct,67.62
2025-02-18,Referral,243.1
2025-02-19,Google Ads,212.09
2025-02-19,Facebook Ads,261.22
2025-02-19,Instagram,60.87
2025-02-19,Email,289.03
2025-02-19,Direct,135.41
2025-02-19,Referral,188.08
2025-02-20,Google Ads,274.53
2025-02-20,Facebook Ads,220.9
2025-02-20,Instagram,226.56
2025-02-20,Email,263.93
2025-02-20,Direct,234.3
2025-02-20,Referral,172.71
2025-02-21,Google Ads,186.68
2025-02-21,Facebook Ads,216.95
2025-02-21,Instagram,128.36
2025-02-21,Email,279.68
2025-02-21,Direct,223.09
2025-02-21,Referral,205.98
2025-02-22,Google Ads,295.4
2025-02-22,Facebook Ads,190.39
2025-02-22,Instagram,185.41
2025-02-22,Email,161.23
2025-02-22,Direct,227.45
2025-02-22,Referral,224.68
2025-02-23,Google Ads,146.7
2025-02-23,Facebook Ads,185.78
2025-02-23,Instagram,147.23
2025-02-23,Email,143.61
2025-02-23,Direct,61.61
2025-02-23,Referral,181.53
2025-02-24,Google Ads,63.82
2025-02-24,Facebook Ads,162.97
2025-02-24,Instagram,150.98
2025-02-24,Email,284.15
2025-02-24,Direct,118.81
2025-02-24,Referral,139.11
2025-02-25,Google Ads,169.48
2025-02-25,Facebook Ads,153.59
2025-02-25,Instagram,309.54
2025-02-25,Email,108.91
2025-02-25,Direct,169.65
2025-02-25,Referral,226.57
2025-02-26,Google Ads,270.49
2025-02-26,Facebook Ads,169.58
2025-02-26,Instagram,46.55
2025-02-26,Email,187.99
2025-02-26,Direct,308.16
2025-02-26,Referral,222.57
2025-02-27,Google Ads,218.91
2025-02-27,Facebook Ads,114.96
2025-02-27,Instagram,106.75
2025-02-27,Email,201.44
2025-02-27,Direct,85.89
2025-02-27,Referral,262.51
2025-02-28,Google Ads,132.27
2025-02-28,Facebook Ads,198.03
2025-02-28,Instagram,49.14
2025-02-28,Email,168.5
2025-02-28,Direct,105.13
2025-02-28,Referral,14.24
2025-03-01,Google Ads,243.35
2025-03-01,Facebook Ads,331.29
2025-03-01,Instagram,290.36
2025-03-01,Email,254.54
2025-03-01,Direct,166.87
2025-03-01,Referral,264.47
2025-03-02,Google Ads,297.91
2025-03-02,Facebook Ads,210.95
2025-03-02,Instagram,105.25
2025-03-02,Email,160.05
2025-03-02,Direct,336.22
2025-03-02,Referral,194.02
2025-03-03,Google Ads,0.0
2025-03-03,Facebook Ads,82.49
2025-03-03,Instagram,166.04
2025-03-03,Email,282.87
2025-03-03,Direct,178.15
2025-03-03,Referral,284.35
2025-03-04,Google Ads,157.91
2025-03-04,Facebook Ads,42.86
2025-03-04,Instagram,160.68
2025-03-04,Email,227.6
2025-03-04,Direct,220.96
2025-03-04,Referral,99.59
2025-03-05,Google Ads,171.9
2025-03-05,Facebook Ads,414.77
2025-03-05,Instagram,101.34
2025-03-05,Email,252.86
2025-03-05,Direct,32.27
2025-03-05,Referral,269.1
2025-03-06,Google Ads,128.61
2025-03-06,Facebook Ads,232.17
2025-03-06,Instagram,96.68
2025-03-06,Email,223.27
2025-03-06,Direct,127.31
2025-03-06,Referral,142.8
2025-03-07,Google Ads,235.36
2025-03-07,Facebook Ads,165.57
2025-03-07,Instagram,230.43
2025-03-07,Email,184.73
2025-03-07,Direct,205.4
2025-03-07,Referral,235.61
2025-03-08,Google Ads,172.0
2025-03-08,Facebook Ads,120.32
2025-03-08,Instagram,157.42
2025-03-08,Email,295.61
2025-03-08,Direct,209.29
2025-03-08,Referral,132.41
2025-03-09,Google Ads,232.12
2025-03-09,Facebook Ads,237.47
2025-03-09,Instagram,241.6
2025-03-09,Email,121.77
2025-03-09,Direct,145.41
2025-03-09,Referral,145.85
2025-03-10,Google Ads,171.15
2025-03-10,Facebook Ads,243.11
2025-03-10,Instagram,223.69
2025-03-10,Email,230.02
2025-03-10,Direct,308.32
2025-03-10,Referral,255.11
2025-03-11,Google Ads,188.66
2025-03-11,Facebook Ads,105.29
2025-03-11,Instagram,142.84
2025-03-11,Email,179.06
2025-03-11,Direct,266.33
2025-03-11,Referral,197.81
2025-03-12,Google Ads,147.5
2025-03-12,Facebook Ads,141.37
2025-03-12,Instagram,194.43
2025-03-12,Email,271.2
2025-03-12,Direct,327.28
2025-03-12,Referral,183.54
2025-03-13,Google Ads,196.42
2025-03-13,Facebook Ads,102.88
2025-03-13,Instagram,355.14
2025-03-13,Email,87.92
2025-03-13,Direct,293.73
2025-03-13,Referral,170.77
2025-03-14,Google Ads,152.05
2025-03-14,Facebook Ads,111.2
2025-03-14,Instagram,392.8
2025-03-14,Email,217.72
2025-03-14,Direct,201.7
2025-03-14,Referral,270.94
2025-03-15,Google Ads,147.93
2025-03-15,Facebook Ads,200.15
2025-03-15,Instagram,204.51
2025-03-15,Email,159.03
2025-03-15,Direct,295.97
2025-03-15,Referral,182.51
2025-03-16,Google Ads,75.75
2025-03-16,Facebook Ads,175.88
2025-03-16,Instagram,219.93
2025-03-16,Email,128.52
2025-03-16,Direct,134.83
2025-03-16,Referral,156.3
2025-03-17,Google Ads,297.7
2025-03-17,Facebook Ads,161.03
2025-03-17,Instagram,314.33
2025-03-17,Email,150.8
2025-03-17,Direct,226.0
2025-03-17,Referral,164.3
2025-03-18,Google Ads,260.33
2025-03-18,Facebook Ads,110.54
2025-03-18,Instagram,259.43
2025-03-18,Email,209.11
2025-03-18,Direct,148.8
2025-03-18,Referral,186.7
2025-03-19,Google Ads,322.71
2025-03-19,Facebook Ads,211.03
2025-03-19,Instagram,143.78
2025-03-19,Email,103.62
2025-03-19,Direct,240.43
2025-03-19,Referral,215.67
2025-03-20,Google Ads,255.6
2025-03-20,Facebook Ads,83.02
2025-03-20,Instagram,106.22
2025-03-20,Email,291.75
2025-03-20,Direct,226.51
2025-03-20,Referral,242.67
2025-03-21,Google Ads,122.99
2025-03-21,Facebook Ads,121.52
2025-03-21,Instagram,279.3
2025-03-21,Email,283.07
2025-03-21,Direct,112.93
2025-03-21,Referral,97.65
2025-03-22,Google Ads,191.31
2025-03-22,Facebook Ads,136.05
2025-03-22,Instagram,134.39
2025-03-22,Email,99.89
2025-03-22,Direct,162.53
2025-03-22,Referral,107.62
2025-03-23,Google Ads,112.37
2025-03-23,Facebook Ads,223.87
2025-03-23,Instagram,195.58
2025-03-23,Email,238.79
2025-03-23,Direct,68.08
2025-03-23,Referral,200.79
2025-03-24,Google Ads,366.05
2025-03-24,Facebook Ads,170.22
2025-03-24,Instagram,265.98
2025-03-24,Email,265.28
2025-03-24,Direct,269.22
2025-03-24,Referral,213.33
2025-03-25,Google Ads,245.29
2025-03-25,Facebook Ads,255.92
2025-03-25,Instagram,250.84
2025-03-25,Email,110.61
2025-03-25,Direct,63.41
2025-03-25,Referral,75.71
2025-03-26,Google Ads,178.39
2025-03-26,Facebook Ads,247.51
2025-03-26,Instagram,111.65
2025-03-26,Email,273.92
2025-03-26,Direct,159.82
2025-03-26,Referral,160.58
2025-03-27,Google Ads,133.11
2025-03-27,Facebook Ads,49.22
2025-03-27,Instagram,218.35
2025-03-27,Email,337.01
2025-03-27,Direct,194.99
2025-03-27,Referral,51.95
2025-03-28,Google Ads,262.43
2025-03-28,Facebook Ads,70.02
2025-03-28,Instagram,103.28
2025-03-28,Email,180.93
2025-03-28,Direct,209.83
2025-03-28,Referral,119.31
2025-03-29,Google Ads,177.81
2025-03-29,Facebook Ads,257.21
2025-03-29,Instagram,268.17
2025-03-29,Email,300.12
2025-03-29,Direct,352.75
2025-03-29,Referral,264.79
2025-03-30,Google Ads,182.66
2025-03-30,Facebook Ads,268.75
2025-03-30,Instagram,237.34
2025-03-30,Email,240.51
2025-03-30,Direct,214.18
2025-03-30,Referral,127.04
2025-03-31,Google Ads,117.75
2025-03-31,Facebook Ads,192.23
2025-03-31,Instagram,211.91
2025-03-31,Email,145.64
2025-03-31,Direct,233.87
2025-03-31,Referral,366.46
2025-04-01,Google Ads,60.45
2025-04-01,Facebook Ads,246.58
2025-04-01,Instagram,194.72
2025-04-01,Email,236.05
2025-04-01,Direct,165.54
2025-04-01,Referral,188.32
2025-04-02,Google Ads,210.36
2025-04-02,Facebook Ads,175.87
2025-04-02,Instagram,78.36
2025-04-02,Email,181.29
2025-04-02,Direct,86.69
2025-04-02,Referral,252.26
2025-04-03,Google Ads,50.76
2025-04-03,Facebook Ads,282.29
2025-04-03,Instagram,234.37
2025-04-03,Email,234.67
2025-04-03,Direct,26.86
2025-04-03,Referral,173.71
2025-04-04,Google Ads,292.29
2025-04-04,Facebook Ads,158.51
2025-04-04,Instagram,113.76
2025-04-04,Email,149.07
2025-04-04,Direct,194.54
2025-04-04,Referral,131.89
2025-04-05,Google Ads,298.71
2025-04-05,Facebook Ads,194.83
2025-04-05,Instagram,155.55
2025-04-05,Email,95.89
2025-04-05,Direct,238.76
2025-04-05,Referral,236.93
2025-04-06,Google Ads,136.62
2025-04-06,Facebook Ads,21.09
2025-04-06,Instagram,232.86
2025-04-06,Email,185.06
2025-04-06,Direct,226.89
2025-04-06,Referral,356.57
2025-04-07,Google Ads,197.85
2025-04-07,Facebook Ads,158.89
2025-04-07,Instagram,108.21
2025-04-07,Email,175.01
2025-04-07,Direct,212.85
2025-04-07,Referral,204.26
2025-04-08,Google Ads,337.88
2025-04-08,Facebook Ads,239.93
2025-04-08,Instagram,189.22
2025-04-08,Email,143.48
2025-04-08,Direct,221.33
2025-04-08,Referral,127.44
2025-04-09,Google Ads,214.39
2025-04-09,Facebook Ads,238.99
2025-04-09,Instagram,182.68
2025-04-09,Email,149.58
2025-04-09,Direct,25.18
2025-04-09,Referral,291.51
2025-04-10,Google Ads,232.26
2025-04-10,Facebook Ads,234.21
2025-04-10,Instagram,75.09
2025-04-10,Email,310.39
2025-04-10,Direct,162.78
2025-04-10,Referral,176.9
2025-04-11,Google Ads,114.46
2025-04-11,Facebook Ads,57.04
2025-04-11,Instagram,292.59
2025-04-11,Email,302.93
2025-04-11,Direct,186.76
2025-04-11,Referral,145.65
2025-04-12,Google Ads,169.84
2025-04-12,Facebook Ads,172.03
2025-04-12,Instagram,104.01
2025-04-12,Email,176.62
2025-04-12,Direct,212.25
2025-04-12,Referral,281.45
2025-04-13,Google Ads,201.14
2025-04-13,Facebook Ads,73.89
2025-04-13,Instagram,228.28
2025-04-13,Email,179.53
2025-04-13,Direct,309.63
2025-04-13,Referral,314.36
2025-04-14,Google Ads,317.16
2025-04-14,Facebook Ads,155.07
2025-04-14,Instagram,359.19
2025-04-14,Email,228.08
2025-04-14,Direct,330.11
2025-04-14,Referral,159.79
2025-04-15,Google Ads,176.11
2025-04-15,Facebook Ads,221.92
2025-04-15,Instagram,212.15
2025-04-15,Email,300.38
2025-04-15,Direct,181.43
2025-04-15,Referral,293.17
2025-04-16,Google Ads,258.58
2025-04-16,Facebook Ads,182.93
2025-04-16,Instagram,252.37
2025-04-16,Email,162.14
2025-04-16,Direct,388.02
2025-04-16,Referral,0.0
2025-04-17,Google Ads,253.84
2025-04-17,Facebook Ads,58.83
2025-04-17,Instagram,181.95
2025-04-17,Email,193.15
2025-04-17,Direct,320.61
2025-04-17,Referral,144.63
2025-04-18,Google Ads,304.64
2025-04-18,Facebook Ads,105.69
2025-04-18,Instagram,307.73
2025-04-18,Email,162.05
2025-04-18,Direct,205.87
2025-04-18,Referral,173.09
2025-04-19,Google Ads,302.59
2025-04-19,Facebook Ads,287.02
2025-04-19,Instagram,235.48
2025-04-19,Email,107.85
2025-04-19,Direct,142.8
2025-04-19,Referral,117.71
2025-04-20,Google Ads,20.15
2025-04-20,Facebook Ads,300.91
2025-04-20,Instagram,173.77
2025-04-20,Email,172.92
2025-04-20,Direct,319.69
2025-04-20,Referral,161.92
2025-04-21,Google Ads,132.76
2025-04-21,Facebook Ads,182.02
2025-04-21,Instagram,109.39
2025-04-21,Email,227.55
2025-04-21,Direct,170.11
2025-04-21,Referral,159.42
2025-04-22,Google Ads,152.49
2025-04-22,Facebook Ads,191.5
2025-04-22,Instagram,206.68
2025-04-22,Email,158.4
2025-04-22,Direct,171.3
2025-04-22,Referral,193.48
2025-04-23,Google Ads,185.41
2025-04-23,Facebook Ads,202.49
2025-04-23,Instagram,145.87
2025-04-23,Email,280.37
2025-04-23,Direct,207.75
2025-04-23,Referral,159.69
2025-04-24,Google Ads,227.55
2025-04-24,Facebook Ads,194.05
2025-04-24,Instagram,61.29
2025-04-24,Email,227.28
2025-04-24,Direct,118.44
2025-04-24,Referral,274.75
2025-04-25,Google Ads,180.66
2025-04-25,Facebook Ads,262.41
2025-04-25,Instagram,149.58
2025-04-25,Email,205.59
2025-04-25,Direct,296.82
2025-04-25,Referral,178.48
2025-04-26,Google Ads,152.73
2025-04-26,Facebook Ads,252.4
2025-04-26,Instagram,250.85
2025-04-26,Email,156.1
2025-04-26,Direct,41.16
2025-04-26,Referral,151.2
2025-04-27,Google Ads,254.19
2025-04-27,Facebook Ads,138.0
2025-04-27,Instagram,199.12
2025-04-27,Email,147.4
2025-04-27,Direct,45.43
2025-04-27,Referral,145.96
2025-04-28,Google Ads,253.85
2025-04-28,Facebook Ads,10.38
2025-04-28,Instagram,220.17
2025-04-28,Email,105.11
2025-04-28,Direct,248.68
2025-04-28,Referral,257.15
2025-04-29,Google Ads,186.24
2025-04-29,Facebook Ads,186.43
2025-04-29,Instagram,135.49
2025-04-29,Email,92.35
2025-04-29,Direct,335.85
2025-04-29,Referral,130.79
2025-04-30,Google Ads,325.42
2025-04-30,Facebook Ads,131.24
2025-04-30,Instagram,242.02
2025-04-30,Email,108.98
2025-04-30,Direct,241.87
2025-04-30,Referral,173.95
2025-05-01,Google Ads,175.0
2025-05-01,Facebook Ads,248.8
2025-05-01,Instagram,162.47
2025-05-01,Email,85.75
2025-05-01,Direct,260.9
2025-05-01,Referral,108.33
2025-05-02,Google Ads,241.32
2025-05-02,Facebook Ads,277.84
2025-05-02,Instagram,169.96
2025-05-02,Email,294.59
2025-05-02,Direct,238.54
2025-05-02,Referral,144.33
2025-05-03,Google Ads,312.11
2025-05-03,Facebook Ads,108.67
2025-05-03,Instagram,169.86
2025-05-03,Email,183.49
2025-05-03,Direct,248.42
2025-05-03,Referral,289.23
2025-05-04,Google Ads,284.22
2025-05-04,Facebook Ads,217.9
2025-05-04,Instagram,177.58
2025-05-04,Email,53.92
2025-05-04,Direct,94.87
2025-05-04,Referral,341.33
2025-05-05,Google Ads,53.11
2025-05-05,Facebook Ads,137.24
2025-05-05,Instagram,291.57
2025-05-05,Email,216.78
2025-05-05,Direct,274.24
2025-05-05,Referral,243.43
2025-05-06,Google Ads,317.57
2025-05-06,Facebook Ads,223.63
2025-05-06,Instagram,253.08
2025-05-06,Email,142.06
2025-05-06,Direct,246.91
2025-05-06,Referral,168.31
2025-05-07,Google Ads,163.75
2025-05-07,Facebook Ads,271.58
2025-05-07,Instagram,272.13
2025-05-07,Email,335.08
2025-05-07,Direct,329.86
2025-05-07,Referral,273.39
2025-05-08,Google Ads,62.36
2025-05-08,Facebook Ads,346.21
2025-05-08,Instagram,273.44
2025-05-08,Email,138.73
2025-05-08,Direct,258.31
2025-05-08,Referral,117.02
2025-05-09,Google Ads,249.49
2025-05-09,Facebook Ads,94.7
2025-05-09,Instagram,135.34
2025-05-09,Email,256.79
2025-05-09,Direct,285.83
2025-05-09,Referral,226.03
2025-05-10,Google Ads,177.11
2025-05-10,Facebook Ads,30.81
2025-05-10,Instagram,183.28
2025-05-10,Email,242.68
2025-05-10,Direct,174.66
2025-05-10,Referral,198.19
2025-05-11,Google Ads,185.15
2025-05-11,Facebook Ads,174.26
2025-05-11,Instagram,206.07
2025-05-11,Email,178.18
2025-05-11,Direct,315.46
2025-05-11,Referral,23.49
2025-05-12,Google Ads,156.33
2025-05-12,Facebook Ads,130.38
2025-05-12,Instagram,217.53
2025-05-12,Email,206.17
2025-05-12,Direct,329.78
2025-05-12,Referral,356.09
2025-05-13,Google Ads,138.15
2025-05-13,Facebook Ads,200.04
2025-05-13,Instagram,215.7
2025-05-13,Email,136.17
2025-05-13,Direct,250.27
2025-05-13,Referral,180.84
2025-05-14,Google Ads,114.59
2025-05-14,Facebook Ads,177.63
2025-05-14,Instagram,120.19
2025-05-14,Email,282.93
2025-05-14,Direct,352.12
2025-05-14,Referral,219.59
2025-05-15,Google Ads,208.9
2025-05-15,Facebook Ads,212.19
2025-05-15,Instagram,294.58
2025-05-15,Email,292.86
2025-05-15,Direct,190.75
2025-05-15,Referral,220.21
2025-05-16,Google Ads,252.21
2025-05-16,Facebook Ads,108.99
2025-05-16,Instagram,297.01
2025-05-16,Email,338.79
2025-05-16,Direct,293.2
2025-05-16,Referral,100.35
2025-05-17,Google Ads,42.4
2025-05-17,Facebook Ads,256.7
2025-05-17,Instagram,139.18
2025-05-17,Email,222.97
2025-05-17,Direct,322.81
2025-05-17,Referral,147.44
2025-05-18,Google Ads,169.8
2025-05-18,Facebook Ads,222.14
2025-05-18,Instagram,96.2
2025-05-18,Email,139.37
2025-05-18,Direct,201.99
2025-05-18,Referral,175.96
2025-05-19,Google Ads,248.67
2025-05-19,Facebook Ads,421.28
2025-05-19,Instagram,207.93
2025-05-19,Email,132.66
2025-05-19,Direct,313.46
2025-05-19,Referral,72.89
2025-05-20,Google Ads,88.89
2025-05-20,Facebook Ads,152.39
2025-05-20,Instagram,177.37
2025-05-20,Email,150.47
2025-05-20,Direct,197.48
2025-05-20,Referral,221.98
2025-05-21,Google Ads,285.52
2025-05-21,Facebook Ads,207.3
2025-05-21,Instagram,155.04
2025-05-21,Email,281.17
2025-05-21,Direct,134.58
2025-05-21,Referral,69.39
2025-05-22,Google Ads,296.48
2025-05-22,Facebook Ads,291.35
2025-05-22,Instagram,136.62
2025-05-22,Email,168.07
2025-05-22,Direct,126.65
2025-05-22,Referral,226.13
2025-05-23,Google Ads,338.56
2025-05-23,Facebook Ads,256.23
2025-05-23,Instagram,282.86
2025-05-23,Email,265.58
2025-05-23,Direct,199.99
2025-05-23,Referral,286.67
2025-05-24,Google Ads,259.6
2025-05-24,Facebook Ads,315.16
2025-05-24,Instagram,163.24
2025-05-24,Email,60.95
2025-05-24,Direct,283.62
2025-05-24,Referral,227.98
2025-05-25,Google Ads,176.32
2025-05-25,Facebook Ads,180.79
2025-05-25,Instagram,404.37
2025-05-25,Email,148.62
2025-05-25,Direct,131.74
2025-05-25,Referral,206.82
2025-05-26,Google Ads,294.44
2025-05-26,Facebook Ads,382.27
2025-05-26,Instagram,252.59
2025-05-26,Email,98.37
2025-05-26,Direct,357.67
2025-05-26,Referral,198.44
2025-05-27,Google Ads,132.98
2025-05-27,Facebook Ads,113.65
2025-05-27,Instagram,266.91
2025-05-27,Email,219.11
2025-05-27,Direct,227.61
2025-05-27,Referral,302.92
2025-05-28,Google Ads,135.83
2025-05-28,Facebook Ads,309.29
2025-05-28,Instagram,158.47
2025-05-28,Email,373.12
2025-05-28,Direct,247.9
2025-05-28,Referral,126.38
2025-05-29,Google Ads,37.97
2025-05-29,Facebook Ads,264.71
2025-05-29,Instagram,170.07
2025-05-29,Email,187.55
2025-05-29,Direct,261.3
2025-05-29,Referral,280.83
2025-05-30,Google Ads,297.9
2025-05-30,Facebook Ads,106.01
2025-05-30,Instagram,314.07
2025-05-30,Email,153.68
2025-05-30,Direct,19.5
2025-05-30,Referral,105.72
2025-05-31,Google Ads,217.44
2025-05-31,Facebook Ads,121.69
2025-05-31,Instagram,192.96
2025-05-31,Email,227.06
2025-05-31,Direct,185.49
2025-05-31,Referral,160.45
2025-06-01,Google Ads,99.94
2025-06-01,Facebook Ads,201.76
2025-06-01,Instagram,34.8
2025-06-01,Email,145.12
2025-06-01,Direct,125.78
2025-06-01,Referral,180.85
2025-06-02,Google Ads,182.93
2025-06-02,Facebook Ads,276.8
2025-06-02,Instagram,326.68
2025-06-02,Email,110.58
2025-06-02,Direct,359.43
2025-06-02,Referral,137.66
2025-06-03,Google Ads,213.8
2025-06-03,Facebook Ads,240.87
2025-06-03,Instagram,395.57
2025-06-03,Email,156.62
2025-06-03,Direct,56.26
2025-06-03,Referral,319.23
2025-06-04,Google Ads,133.33
2025-06-04,Facebook Ads,171.07
2025-06-04,Instagram,110.58
2025-06-04,Email,171.3
2025-06-04,Direct,132.77
2025-06-04,Referral,254.12
2025-06-05,Google Ads,206.46
2025-06-05,Facebook Ads,145.52
2025-06-05,Instagram,279.67
2025-06-05,Email,220.4
2025-06-05,Direct,52.32
2025-06-05,Referral,273.58
2025-06-06,Google Ads,214.79
2025-06-06,Facebook Ads,311.26
2025-06-06,Instagram,209.91
2025-06-06,Email,136.66
2025-06-06,Direct,183.66
2025-06-06,Referral,264.31
2025-06-07,Google Ads,138.34
2025-06-07,Facebook Ads,164.78
2025-06-07,Instagram,182.26
2025-06-07,Email,108.05
2025-06-07,Direct,139.49
2025-06-07,Referral,213.8
2025-06-08,Google Ads,296.2
2025-06-08,Facebook Ads,225.37
2025-06-08,Instagram,196.33
2025-06-08,Email,133.5
2025-06-08,Direct,287.61
2025-06-08,Referral,234.68
2025-06-09,Google Ads,143.46
2025-06-09,Facebook Ads,271.89
2025-06-09,Instagram,244.77
2025-06-09,Email,134.92
2025-06-09,Direct,191.89
2025-06-09,Referral,160.58
2025-06-10,Google Ads,410.68
2025-06-10,Facebook Ads,242.54
2025-06-10,Instagram,214.94
2025-06-10,Email,237.81
2025-06-10,Direct,310.33
2025-06-10,Referral,193.33
2025-06-11,Google Ads,152.81
2025-06-11,Facebook Ads,267.54
2025-06-11,Instagram,186.0
2025-06-11,Email,114.41
2025-06-11,Direct,98.83
2025-06-11,Referral,322.34
2025-06-12,Google Ads,210.53
2025-06-12,Facebook Ads,152.83
2025-06-12,Instagram,181.25
2025-06-12,Email,264.6
2025-06-12,Direct,176.53
2025-06-12,Referral,84.05
2025-06-13,Google Ads,226.07
2025-06-13,Facebook Ads,296.67
2025-06-13,Instagram,291.32
2025-06-13,Email,155.25
2025-06-13,Direct,301.53
2025-06-13,Referral,217.04
2025-06-14,Google Ads,299.29
2025-06-14,Facebook Ads,245.89
2025-06-14,Instagram,78.27
2025-06-14,Email,339.74
2025-06-14,Direct,204.14
2025-06-14,Referral,246.14
2025-06-15,Google Ads,92.48
2025-06-15,Facebook Ads,240.43
2025-06-15,Instagram,288.23
2025-06-15,Email,354.83
2025-06-15,Direct,312.03
2025-06-15,Referral,244.34
2025-06-16,Google Ads,76.45
2025-06-16,Facebook Ads,210.58
2025-06-16,Instagram,152.6
2025-06-16,Email,218.8
2025-06-16,Direct,102.69
2025-06-16,Referral,183.19
2025-06-17,Google Ads,158.63
2025-06-17,Facebook Ads,156.15
2025-06-17,Instagram,156.94
2025-06-17,Email,189.13
2025-06-17,Direct,222.9
2025-06-17,Referral,0.12
2025-06-18,Google Ads,9.89
2025-06-18,Facebook Ads,172.9
2025-06-18,Instagram,184.18
2025-06-18,Email,215.13
2025-06-18,Direct,141.79
2025-06-18,Referral,200.76
2025-06-19,Google Ads,210.12
2025-06-19,Facebook Ads,141.24
2025-06-19,Instagram,281.08
2025-06-19,Email,214.16
2025-06-19,Direct,243.76
2025-06-19,Referral,205.51
2025-06-20,Google Ads,368.29
2025-06-20,Facebook Ads,247.71
2025-06-20,Instagram,160.96
2025-06-20,Email,265.68
2025-06-20,Direct,68.99
2025-06-20,Referral,209.57
2025-06-21,Google Ads,225.53
2025-06-21,Facebook Ads,210.48
2025-06-21,Instagram,173.3
2025-06-21,Email,119.02
2025-06-21,Direct,136.85
2025-06-21,Referral,208.17
2025-06-22,Google Ads,110.92
2025-06-22,Facebook Ads,341.61
2025-06-22,Instagram,0.0
2025-06-22,Email,174.12
2025-06-22,Direct,208.83
2025-06-22,Referral,240.59
2025-06-23,Google Ads,126.73
2025-06-23,Facebook Ads,290.74
2025-06-23,Instagram,88.49
2025-06-23,Email,154.71
2025-06-23,Direct,249.66
2025-06-23,Referral,283.22
2025-06-24,Google Ads,87.68
2025-06-24,Facebook Ads,411.6
2025-06-24,Instagram,128.2
2025-06-24,Email,95.03
2025-06-24,Direct,240.22
2025-06-24,Referral,172.14
2025-06-25,Google Ads,160.32
2025-06-25,Facebook Ads,247.65
2025-06-25,Instagram,77.82
2025-06-25,Email,63.83
2025-06-25,Direct,152.21
2025-06-25,Referral,286.23
2025-06-26,Google Ads,155.68
2025-06-26,Facebook Ads,327.93
2025-06-26,Instagram,296.08
2025-06-26,Email,222.64
2025-06-26,Direct,227.18
2025-06-26,Referral,222.56
2025-06-27,Google Ads,212.78
2025-06-27,Facebook Ads,170.7
2025-06-27,Instagram,179.98
2025-06-27,Email,114.4
2025-06-27,Direct,23.2
2025-06-27,Referral,288.33
2025-06-28,Google Ads,212.58
2025-06-28,Facebook Ads,200.5
2025-06-28,Instagram,231.88
2025-06-28,Email,133.73
2025-06-28,Direct,119.92
2025-06-28,Referral,177.31
2025-06-29,Google Ads,309.45
2025-06-29,Facebook Ads,106.5
2025-06-29,Instagram,0.0
2025-06-29,Email,158.29
2025-06-29,Direct,291.42
2025-06-29,Referral,61.4
2025-06-30,Google Ads,105.58
2025-06-30,Facebook Ads,221.08
2025-06-30,Instagram,405.59
2025-06-30,Email,91.34
2025-06-30,Direct,88.25
2025-06-30,Referral,227.1
2025-07-01,Google Ads,296.37
2025-07-01,Facebook Ads,150.07
2025-07-01,Instagram,70.29
2025-07-01,Email,234.7
2025-07-01,Direct,249.19
2025-07-01,Referral,342.29
2025-07-02,Google Ads,252.56
2025-07-02,Facebook Ads,266.25
2025-07-02,Instagram,179.03
2025-07-02,Email,395.32
2025-07-02,Direct,168.15
2025-07-02,Referral,151.05
2025-07-03,Google Ads,344.76
2025-07-03,Facebook Ads,82.06
2025-07-03,Instagram,52.21
2025-07-03,Email,209.56
2025-07-03,Direct,199.86
2025-07-03,Referral,181.77
2025-07-04,Google Ads,279.51
2025-07-04,Facebook Ads,127.34
2025-07-04,Instagram,205.13
2025-07-04,Email,171.19
2025-07-04,Direct,128.7
2025-07-04,Referral,195.05
2025-07-05,Google Ads,268.21
2025-07-05,Facebook Ads,369.65
2025-07-05,Instagram,246.35
2025-07-05,Email,0.0
2025-07-05,Direct,196.95
2025-07-05,Referral,203.98
2025-07-06,Google Ads,274.9
2025-07-06,Facebook Ads,214.78
2025-07-06,Instagram,300.25
2025-07-06,Email,231.33
2025-07-06,Direct,324.7
2025-07-06,Referral,164.9
2025-07-07,Google Ads,211.55
2025-07-07,Facebook Ads,266.13
2025-07-07,Instagram,154.22
2025-07-07,Email,136.8
2025-07-07,Direct,149.65
2025-07-07,Referral,140.06
2025-07-08,Google Ads,241.8
2025-07-08,Facebook Ads,53.22
2025-07-08,Instagram,75.52
2025-07-08,Email,349.02
2025-07-08,Direct,141.99
2025-07-08,Referral,216.0
2025-07-09,Google Ads,80.87
2025-07-09,Facebook Ads,207.53
2025-07-09,Instagram,142.48
2025-07-09,Email,74.95
2025-07-09,Direct,306.95
2025-07-09,Referral,294.61
2025-07-10,Google Ads,191.41
2025-07-10,Facebook Ads,279.95
2025-07-10,Instagram,352.26
2025-07-10,Email,260.33
2025-07-10,Direct,238.37
2025-07-10,Referral,215.92
2025-07-11,Google Ads,251.96
2025-07-11,Facebook Ads,170.89
2025-07-11,Instagram,177.87
2025-07-11,Email,236.07
2025-07-11,Direct,162.09
2025-07-11,Referral,170.74
2025-07-12,Google Ads,200.01
2025-07-12,Facebook Ads,292.05
2025-07-12,Instagram,109.39
2025-07-12,Email,260.73
2025-07-12,Direct,263.34
2025-07-12,Referral,262.86
2025-07-13,Google Ads,135.46
2025-07-13,Facebook Ads,64.59
2025-07-13,Instagram,244.78
2025-07-13,Email,215.0
2025-07-13,Direct,280.35
2025-07-13,Referral,143.96
2025-07-14,Google Ads,260.81
2025-07-14,Facebook Ads,284.35
2025-07-14,Instagram,192.38
2025-07-14,Email,233.35
2025-07-14,Direct,230.56
2025-07-14,Referral,134.28
2025-07-15,Google Ads,242.49
2025-07-15,Facebook Ads,329.8
2025-07-15,Instagram,201.78
2025-07-15,Email,83.13
2025-07-15,Direct,145.02
2025-07-15,Referral,57.65
2025-07-16,Google Ads,303.22
2025-07-16,Facebook Ads,261.13
2025-07-16,Instagram,159.89
2025-07-16,Email,86.56
2025-07-16,Direct,133.34
2025-07-16,Referral,148.94
2025-07-17,Google Ads,208.75
2025-07-17,Facebook Ads,206.06
2025-07-17,Instagram,307.31
2025-07-17,Email,144.58
2025-07-17,Direct,79.34
2025-07-17,Referral,107.44
2025-07-18,Google Ads,198.16
2025-07-18,Facebook Ads,141.71
2025-07-18,Instagram,176.64
2025-07-18,Email,163.68
2025-07-18,Direct,279.22
2025-07-18,Referral,153.04
2025-07-19,Google Ads,169.81
2025-07-19,Facebook Ads,257.38
2025-07-19,Instagram,154.8
2025-07-19,Email,233.86
2025-07-19,Direct,226.52
2025-07-19,Referral,211.34
2025-07-20,Google Ads,109.25
2025-07-20,Facebook Ads,298.38
2025-07-20,Instagram,377.65
2025-07-20,Email,200.71
2025-07-20,Direct,116.29
2025-07-20,Referral,202.33
2025-07-21,Google Ads,279.19
2025-07-21,Facebook Ads,150.78
2025-07-21,Instagram,189.69
2025-07-21,Email,227.25
2025-07-21,Direct,296.24
2025-07-21,Referral,262.03
2025-07-22,Google Ads,265.35
2025-07-22,Facebook Ads,165.9
2025-07-22,Instagram,232.15
2025-07-22,Email,142.24
2025-07-22,Direct,267.64
2025-07-22,Referral,292.1
2025-07-23,Google Ads,244.27
2025-07-23,Facebook Ads,170.61
2025-07-23,Instagram,183.7
2025-07-23,Email,344.52
2025-07-23,Direct,171.94
2025-07-23,Referral,284.0
2025-07-24,Google Ads,227.11
2025-07-24,Facebook Ads,173.27
2025-07-24,Instagram,92.43
2025-07-24,Email,216.93
2025-07-24,Direct,207.29
2025-07-24,Referral,344.52
2025-07-25,Google Ads,131.18
2025-07-25,Facebook Ads,383.58
2025-07-25,Instagram,230.3
2025-07-25,Email,230.23
2025-07-25,Direct,152.55
2025-07-25,Referral,225.18
2025-07-26,Google Ads,237.84
2025-07-26,Facebook Ads,274.99
2025-07-26,Instagram,121.73
2025-07-26,Email,312.54
2025-07-26,Direct,228.91
2025-07-26,Referral,248.66
2025-07-27,Google Ads,182.32
2025-07-27,Facebook Ads,125.75
2025-07-27,Instagram,205.82
2025-07-27,Email,214.98
2025-07-27,Direct,89.17
2025-07-27,Referral,263.46
2025-07-28,Google Ads,279.72
2025-07-28,Facebook Ads,141.63
2025-07-28,Instagram,118.19
2025-07-28,Email,175.76
2025-07-28,Direct,201.91
2025-07-28,Referral,178.87
2025-07-29,Google Ads,195.13
2025-07-29,Facebook Ads,217.72
2025-07-29,Instagram,90.54
2025-07-29,Email,99.74
2025-07-29,Direct,0.0
2025-07-29,Referral,275.4
2025-07-30,Google Ads,201.22
2025-07-30,Facebook Ads,283.83
2025-07-30,Instagram,108.98
2025-07-30,Email,201.95
2025-07-30,Direct,217.19
2025-07-30,Referral,155.06
2025-07-31,Google Ads,75.73
2025-07-31,Facebook Ads,339.67
2025-07-31,Instagram,311.94
2025-07-31,Email,169.45
2025-07-31,Direct,240.82
2025-07-31,Referral,161.22
