event_ts,external_id,channel_name,campaign,session_id,revenue_at_event
2025-02-25 10:50:00,C0001,Instagram,Instagram / 2025,S499097,0.0
2025-02-25 13:26:00,C0001,Direct,Direct / 2025,S499097,0.0
2025-02-25 15:09:00,C0001,Facebook Ads,Facebook Ads / 2025,S499097,0.0
2025-02-25 17:41:00,C0001,Referral,Referral / 2025,S499097,0.0
2025-02-25 19:37:00,C0001,Google Ads,Google Ads / 2025,S499097,0.0
2025-07-21 03:04:00,C0002,Instagram,Instagram / 2025,S343054,0.0
2025-07-21 04:44:00,C0002,Referral,Referral / 2025,S343054,0.0
2025-07-21 06:54:00,C0002,Direct,Direct / 2025,S343054,0.0
2025-07-21 08:27:00,C0002,Referral,Referral / 2025,S343054,0.0
2025-08-19 09:55:00,C0002,Facebook Ads,Facebook Ads / 2025,S154782,0.0
2025-08-19 11:16:00,C0002,Email,Email / 2025,S154782,0.0
2025-08-19 13:35:00,C0002,Direct,Direct / 2025,S154782,0.0
2025-08-19 15:35:00,C0002,Google Ads,Google Ads / 2025,S154782,0.0
2025-10-07 02:55:00,C0002,Direct,Direct / 2025,S240773,0.0
2025-10-07 05:27:00,C0002,Direct,Direct / 2025,S240773,0.0
2025-10-07 07:27:00,C0002,Direct,Direct / 2025,S240773,0.0
2025-10-07 09:24:00,C0002,Direct,Direct / 2025,S240773,0.0
2025-10-07 10:56:00,C0002,Email,Email / 2025,S240773,0.0
2025-10-07 13:28:00,C0002,Email,Email / 2025,S240773,0.0
2025-04-29 10:09:00,C0004,Email,Email / 2025,S132717,0.0
2025-04-29 12:28:00,C0004,Facebook Ads,Facebook Ads / 2025,S132717,0.0
2025-04-29 13:42:00,C0004,Instagram,Instagram / 2025,S132717,0.0
2025-01-29 11:55:00,C0005,Referral,Referral / 2025,S942654,0.0
2025-01-29 13:10:00,C0005,Email,Email / 2025,S942654,0.0
2025-01-29 15:46:00,C0005,Google Ads,Google Ads / 2025,S942654,0.0
2025-03-06 09:17:00,C0005,Facebook Ads,Facebook Ads / 2025,S988339,0.0
2025-03-06 11:54:00,C0005,Instagram,Instagram / 2025,S988339,0.0
2025-03-06 14:00:00,C0005,Instagram,Instagram / 2025,S988339,0.0
2025-03-06 16:05:00,C0005,Direct,Direct / 2025,S988339,0.0
2025-03-06 18:00:00,C0005,Email,Email / 2025,S988339,0.0
2025-03-06 20:10:00,C0005,Facebook Ads,Facebook Ads / 2025,S988339,0.0
2024-12-23 19:28:00,C0006,Email,Email / 2024,S617895,0.0
2024-12-23 21:59:00,C0006,Direct,Direct / 2024,S617895,0.0
2024-12-23 23:47:00,C0006,Facebook Ads,Facebook Ads / 2024,S617895,0.0
2024-12-24 01:48:00,C0006,Google Ads,Google Ads / 2024,S617895,0.0
2025-02-28 03:12:00,C0006,Referral,Referral / 2025,S737334,0.0
2025-02-28 05:39:00,C0006,Email,Email / 2025,S737334,0.0
2025-02-28 07:38:00,C0006,Facebook Ads,Facebook Ads / 2025,S737334,0.0
2025-02-28 09:12:00,C0006,Google Ads,Google Ads / 2025,S737334,0.0
2025-07-05 02:08:00,C0008,Instagram,Instagram / 2025,S608746,0.0
2025-07-05 04:06:00,C0008,Direct,Direct / 2025,S608746,0.0
2025-07-05 06:13:00,C0008,Email,Email / 2025,S608746,0.0
2025-07-05 08:10:00,C0008,Email,Email / 2025,S608746,0.0
2025-07-05 10:03:00,C0008,Direct,Direct / 2025,S608746,0.0
2025-07-05 12:04:00,C0008,Referral,Referral / 2025,S608746,0.0
2025-08-16 18:25:00,C0008,Google Ads,Google Ads / 2025,S392417,0.0
2025-08-16 20:16:00,C0008,Referral,Referral / 2025,S392417,0.0
2025-08-16 21:55:00,C0008,Email,Email / 2025,S392417,0.0
2025-08-16 23:41:00,C0008,Referral,Referral / 2025,S392417,0.0
2025-04-12 01:32:00,C0009,Referral,Referral / 2025,S916714,0.0
2025-04-12 03:20:00,C0009,Google Ads,Google Ads / 2025,S916714,0.0
2025-04-12 05:07:00,C0009,Direct,Direct / 2025,S916714,0.0
2025-04-12 07:03:00,C0009,Referral,Referral / 2025,S916714,0.0
2024-11-30 06:05:00,C0011,Email,Email / 2024,S40809,0.0
2024-11-30 08:10:00,C0011,Referral,Referral / 2024,S40809,0.0
2024-11-30 09:50:00,C0011,Instagram,Instagram / 2024,S40809,0.0
2024-11-30 12:11:00,C0011,Google Ads,Google Ads / 2024,S40809,0.0
2024-11-30 14:37:00,C0011,Email,Email / 2024,S40809,0.0
2025-07-31 15:11:00,C0012,Facebook Ads,Facebook Ads / 2025,S708362,0.0
2025-07-31 17:11:00,C0012,Google Ads,Google Ads / 2025,S708362,0.0
2025-07-31 19:25:00,C0012,Instagram,Instagram / 2025,S708362,0.0
2025-07-31 21:07:00,C0012,Facebook Ads,Facebook Ads / 2025,S708362,0.0
2025-07-31 23:30:00,C0012,Referral,Referral / 2025,S708362,0.0
2024-12-26 11:35:00,C0014,Facebook Ads,Facebook Ads / 2024,S624712,0.0
2024-12-26 14:06:00,C0014,Referral,Referral / 2024,S624712,0.0
2024-12-26 16:16:00,C0014,Google Ads,Google Ads / 2024,S624712,0.0
2024-12-26 18:04:00,C0014,Direct,Direct / 2024,S624712,0.0
2025-02-01 03:15:00,C0015,Referral,Referral / 2025,S428988,0.0
2025-02-01 05:10:00,C0015,Facebook Ads,Facebook Ads / 2025,S428988,0.0
2025-02-01 07:15:00,C0015,Instagram,Instagram / 2025,S428988,0.0
2025-02-01 09:13:00,C0015,Referral,Referral / 2025,S428988,0.0
2025-02-01 11:45:00,C0015,Email,Email / 2025,S428988,0.0
2025-03-18 22:33:00,C0015,Email,Email / 2025,S44813,0.0
2025-03-19 00:41:00,C0015,Google Ads,Google Ads / 2025,S44813,0.0
2025-03-19 02:57:00,C0015,Email,Email / 2025,S44813,0.0
2025-03-19 04:35:00,C0015,Direct,Direct / 2025,S44813,0.0
2025-03-26 16:08:00,C0015,Instagram,Instagram / 2025,S134055,0.0
2025-03-26 18:07:00,C0015,Instagram,Instagram / 2025,S134055,0.0
2025-03-26 20:26:00,C0015,Google Ads,Google Ads / 2025,S134055,0.0
2025-03-26 22:16:00,C0015,Facebook Ads,Facebook Ads / 2025,S134055,0.0
2025-03-27 00:00:00,C0015,Google Ads,Google Ads / 2025,S134055,0.0
2025-01-07 15:13:00,C0016,Facebook Ads,Facebook Ads / 2025,S324060,0.0
2025-01-07 16:30:00,C0016,Direct,Direct / 2025,S324060,0.0
2025-01-07 18:25:00,C0016,Email,Email / 2025,S324060,0.0
2025-02-19 16:03:00,C0016,Facebook Ads,Facebook Ads / 2025,S710979,0.0
2025-02-19 18:31:00,C0016,Email,Email / 2025,S710979,0.0
2025-02-19 20:22:00,C0016,Email,Email / 2025,S710979,0.0
2025-02-19 22:41:00,C0016,Direct,Direct / 2025,S710979,0.0
2025-02-20 00:10:00,C0016,Facebook Ads,Facebook Ads / 2025,S710979,0.0
2025-02-20 02:39:00,C0016,Email,Email / 2025,S710979,0.0
2025-03-26 23:43:00,C0016,Direct,Direct / 2025,S246584,0.0
2025-03-27 01:23:00,C0016,Email,Email / 2025,S246584,0.0
2025-03-27 04:06:00,C0016,Direct,Direct / 2025,S246584,0.0
2025-03-27 06:16:00,C0016,Google Ads,Google Ads / 2025,S246584,0.0
2025-03-27 07:34:00,C0016,Direct,Direct / 2025,S246584,0.0
2025-02-14 17:32:00,C0017,Referral,Referral / 2025,S846936,0.0
2025-02-14 20:19:00,C0017,Facebook Ads,Facebook Ads / 2025,S846936,0.0
2025-02-14 21:26:00,C0017,Instagram,Instagram / 2025,S846936,0.0
2025-05-19 03:48:00,C0018,Google Ads,Google Ads / 2025,S828952,0.0
2025-05-19 05:51:00,C0018,Google Ads,Google Ads / 2025,S828952,0.0
2025-05-19 07:49:00,C0018,Instagram,Instagram / 2025,S828952,0.0
2025-05-19 09:48:00,C0018,Instagram,Instagram / 2025,S828952,0.0
2025-05-19 12:12:00,C0018,Google Ads,Google Ads / 2025,S828952,0.0
2025-02-18 22:53:00,C0019,Facebook Ads,Facebook Ads / 2025,S784108,0.0
2025-02-19 01:19:00,C0019,Facebook Ads,Facebook Ads / 2025,S784108,0.0
2025-02-19 03:13:00,C0019,Google Ads,Google Ads / 2025,S784108,0.0
2025-02-19 05:20:00,C0019,Referral,Referral / 2025,S784108,0.0
2025-02-19 07:11:00,C0019,Direct,Direct / 2025,S784108,0.0
2025-02-10 22:05:00,C0020,Referral,Referral / 2025,S495518,0.0
2025-02-10 23:59:00,C0020,Email,Email / 2025,S495518,0.0
2025-02-11 02:28:00,C0020,Direct,Direct / 2025,S495518,0.0
2025-02-11 04:35:00,C0020,Google Ads,Google Ads / 2025,S495518,0.0
2025-05-29 03:32:00,C0021,Referral,Referral / 2025,S323390,0.0
2025-05-29 05:24:00,C0021,Google Ads,Google Ads / 2025,S323390,0.0
2025-05-29 07:21:00,C0021,Instagram,Instagram / 2025,S323390,0.0
2025-06-23 22:51:00,C0021,Referral,Referral / 2025,S376826,0.0
2025-06-24 01:25:00,C0021,Facebook Ads,Facebook Ads / 2025,S376826,0.0
2025-06-24 03:06:00,C0021,Email,Email / 2025,S376826,0.0
2025-06-24 04:59:00,C0021,Direct,Direct / 2025,S376826,0.0
2025-01-26 18:41:00,C0022,Email,Email / 2025,S213030,0.0
2025-01-26 20:40:00,C0022,Facebook Ads,Facebook Ads / 2025,S213030,0.0
2025-01-26 23:10:00,C0022,Referral,Referral / 2025,S213030,0.0
2025-03-13 23:10:00,C0022,Facebook Ads,Facebook Ads / 2025,S573189,0.0
2025-03-14 01:49:00,C0022,Referral,Referral / 2025,S573189,0.0
2025-03-14 03:40:00,C0022,Referral,Referral / 2025,S573189,0.0
2025-03-29 14:10:00,C0022,Instagram,Instagram / 2025,S283707,0.0
2025-03-29 15:39:00,C0022,Direct,Direct / 2025,S283707,0.0
2025-03-29 17:53:00,C0022,Instagram,Instagram / 2025,S283707,0.0
2025-03-29 19:44:00,C0022,Instagram,Instagram / 2025,S283707,0.0
2025-03-29 21:41:00,C0022,Instagram,Instagram / 2025,S283707,0.0
2025-03-30 00:12:00,C0022,Referral,Referral / 2025,S283707,0.0
2025-03-04 04:44:00,C0024,Referral,Referral / 2025,S756097,0.0
2025-03-04 06:50:00,C0024,Referral,Referral / 2025,S756097,0.0
2025-03-04 09:20:00,C0024,Direct,Direct / 2025,S756097,0.0
2025-03-25 18:04:00,C0024,Direct,Direct / 2025,S730664,0.0
2025-03-25 20:41:00,C0024,Instagram,Instagram / 2025,S730664,0.0
2025-03-25 22:27:00,C0024,Instagram,Instagram / 2025,S730664,0.0
2025-03-26 00:20:00,C0024,Email,Email / 2025,S730664,0.0
2025-03-26 02:39:00,C0024,Google Ads,Google Ads / 2025,S730664,0.0
2025-06-13 15:53:00,C0026,Referral,Referral / 2025,S651406,0.0
2025-06-13 17:22:00,C0026,Email,Email / 2025,S651406,0.0
2025-06-13 19:50:00,C0026,Referral,Referral / 2025,S651406,0.0
2025-06-13 21:39:00,C0026,Facebook Ads,Facebook Ads / 2025,S651406,0.0
2025-07-17 19:47:00,C0026,Direct,Direct / 2025,S983939,0.0
2025-07-17 22:22:00,C0026,Google Ads,Google Ads / 2025,S983939,0.0
2025-07-18 00:35:00,C0026,Facebook Ads,Facebook Ads / 2025,S983939,0.0
2025-07-18 02:32:00,C0026,Google Ads,Google Ads / 2025,S983939,0.0
2025-07-18 04:26:00,C0026,Google Ads,Google Ads / 2025,S983939,0.0
2025-07-18 05:59:00,C0026,Email,Email / 2025,S983939,0.0
2025-03-14 19:55:00,C0028,Direct,Direct / 2025,S789352,0.0
2025-03-14 21:25:00,C0028,Email,Email / 2025,S789352,0.0
2025-03-14 23:17:00,C0028,Instagram,Instagram / 2025,S789352,0.0
2025-03-15 01:24:00,C0028,Instagram,Instagram / 2025,S789352,0.0
2025-03-15 03:47:00,C0028,Instagram,Instagram / 2025,S789352,0.0
2025-03-15 05:32:00,C0028,Instagram,Instagram / 2025,S789352,0.0
2025-04-21 12:46:00,C0029,Facebook Ads,Facebook Ads / 2025,S279922,0.0
2025-04-21 14:06:00,C0029,Referral,Referral / 2025,S279922,0.0
2025-04-21 16:24:00,C0029,Google Ads,Google Ads / 2025,S279922,0.0
2025-04-21 17:50:00,C0029,Email,Email / 2025,S279922,0.0
2025-05-25 13:07:00,C0029,Instagram,Instagram / 2025,S620347,0.0
2025-05-25 14:26:00,C0029,Direct,Direct / 2025,S620347,0.0
2025-05-25 16:22:00,C0029,Facebook Ads,Facebook Ads / 2025,S620347,0.0
2025-05-25 19:00:00,C0029,Facebook Ads,Facebook Ads / 2025,S620347,0.0
2025-06-19 14:23:00,C0029,Email,Email / 2025,S707593,0.0
2025-06-19 16:50:00,C0029,Email,Email / 2025,S707593,0.0
2025-06-19 18:21:00,C0029,Facebook Ads,Facebook Ads / 2025,S707593,0.0
2025-06-19 20:57:00,C0029,Facebook Ads,Facebook Ads / 2025,S707593,0.0
2025-06-19 23:16:00,C0029,Google Ads,Google Ads / 2025,S707593,0.0
2025-07-15 21:43:00,C0029,Email,Email / 2025,S937841,0.0
2025-07-15 23:55:00,C0029,Referral,Referral / 2025,S937841,0.0
2025-07-16 02:06:00,C0029,Facebook Ads,Facebook Ads / 2025,S937841,0.0
2025-07-16 04:20:00,C0029,Instagram,Instagram / 2025,S937841,0.0
2025-07-16 05:53:00,C0029,Direct,Direct / 2025,S937841,0.0
2025-07-16 08:19:00,C0029,Referral,Referral / 2025,S937841,0.0
2025-08-08 10:53:00,C0029,Direct,Direct / 2025,S330929,0.0
2025-08-08 13:22:00,C0029,Google Ads,Google Ads / 2025,S330929,0.0
2025-08-08 15:20:00,C0029,Email,Email / 2025,S330929,0.0
2025-08-08 17:08:00,C0029,Referral,Referral / 2025,S330929,0.0
2025-08-08 18:56:00,C0029,Google Ads,Google Ads / 2025,S330929,0.0
2025-05-09 10:04:00,C0031,Direct,Direct / 2025,S459054,0.0
2025-05-09 11:28:00,C0031,Direct,Direct / 2025,S459054,0.0
2025-05-09 13:38:00,C0031,Email,Email / 2025,S459054,0.0
2025-01-17 23:40:00,C0032,Instagram,Instagram / 2025,S627697,0.0
2025-01-18 01:47:00,C0032,Facebook Ads,Facebook Ads / 2025,S627697,0.0
2025-01-18 03:45:00,C0032,Referral,Referral / 2025,S627697,0.0
2025-01-18 05:38:00,C0032,Google Ads,Google Ads / 2025,S627697,0.0
2025-01-18 07:47:00,C0032,Facebook Ads,Facebook Ads / 2025,S627697,0.0
2025-01-18 09:58:00,C0032,Facebook Ads,Facebook Ads / 2025,S627697,0.0
2025-02-09 20:51:00,C0032,Facebook Ads,Facebook Ads / 2025,S886926,0.0
2025-02-09 23:19:00,C0032,Referral,Referral / 2025,S886926,0.0
2025-02-10 00:41:00,C0032,Referral,Referral / 2025,S886926,0.0
2025-02-10 02:33:00,C0032,Google Ads,Google Ads / 2025,S886926,0.0
2025-02-10 04:58:00,C0032,Instagram,Instagram / 2025,S886926,0.0
2025-02-10 06:35:00,C0032,Referral,Referral / 2025,S886926,0.0
2024-11-18 17:27:00,C0033,Facebook Ads,Facebook Ads / 2024,S212781,0.0
2024-11-18 19:00:00,C0033,Facebook Ads,Facebook Ads / 2024,S212781,0.0
2024-11-18 21:13:00,C0033,Facebook Ads,Facebook Ads / 2024,S212781,0.0
2024-11-18 22:59:00,C0033,Referral,Referral / 2024,S212781,0.0
2024-11-19 01:25:00,C0033,Referral,Referral / 2024,S212781,0.0
2024-11-19 03:24:00,C0033,Google Ads,Google Ads / 2024,S212781,0.0
2024-12-28 16:48:00,C0033,Instagram,Instagram / 2024,S12289,0.0
2024-12-28 18:10:00,C0033,Direct,Direct / 2024,S12289,0.0
2024-12-28 20:06:00,C0033,Email,Email / 2024,S12289,0.0
2024-12-28 22:35:00,C0033,Google Ads,Google Ads / 2024,S12289,0.0
2025-08-25 20:31:00,C0034,Email,Email / 2025,S857463,0.0
2025-08-25 22:40:00,C0034,Instagram,Instagram / 2025,S857463,0.0
2025-08-26 00:01:00,C0034,Instagram,Instagram / 2025,S857463,0.0
2025-08-19 03:59:00,C0035,Email,Email / 2025,S643791,0.0
2025-08-19 05:29:00,C0035,Direct,Direct / 2025,S643791,0.0
2025-08-19 07:28:00,C0035,Direct,Direct / 2025,S643791,0.0
2025-08-19 10:00:00,C0035,Email,Email / 2025,S643791,0.0
2025-08-19 12:05:00,C0035,Email,Email / 2025,S643791,0.0
2025-08-19 13:45:00,C0035,Direct,Direct / 2025,S643791,0.0
2025-06-17 02:45:00,C0036,Google Ads,Google Ads / 2025,S542015,0.0
2025-06-17 04:49:00,C0036,Direct,Direct / 2025,S542015,0.0
2025-06-17 07:10:00,C0036,Google Ads,Google Ads / 2025,S542015,0.0
2025-07-09 22:54:00,C0036,Facebook Ads,Facebook Ads / 2025,S694892,0.0
2025-07-10 00:16:00,C0036,Email,Email / 2025,S694892,0.0
2025-07-10 02:12:00,C0036,Referral,Referral / 2025,S694892,0.0
2025-07-10 04:13:00,C0036,Direct,Direct / 2025,S694892,0.0
2025-02-10 11:03:00,C0037,Google Ads,Google Ads / 2025,S860226,0.0
2025-02-10 12:15:00,C0037,Instagram,Instagram / 2025,S860226,0.0
2025-02-10 14:44:00,C0037,Google Ads,Google Ads / 2025,S860226,0.0
2025-02-10 17:07:00,C0037,Facebook Ads,Facebook Ads / 2025,S860226,0.0
2025-02-16 01:02:00,C0037,Email,Email / 2025,S786639,0.0
2025-02-16 02:32:00,C0037,Direct,Direct / 2025,S786639,0.0
2025-02-16 04:43:00,C0037,Direct,Direct / 2025,S786639,0.0
2025-02-16 06:40:00,C0037,Instagram,Instagram / 2025,S786639,0.0
2025-02-16 08:40:00,C0037,Google Ads,Google Ads / 2025,S786639,0.0
2025-03-09 05:38:00,C0037,Instagram,Instagram / 2025,S600847,0.0
2025-03-09 08:02:00,C0037,Instagram,Instagram / 2025,S600847,0.0
2025-03-09 09:47:00,C0037,Referral,Referral / 2025,S600847,0.0
2025-01-15 01:26:00,C0038,Google Ads,Google Ads / 2025,S38067,0.0
2025-01-15 03:38:00,C0038,Google Ads,Google Ads / 2025,S38067,0.0
2025-01-15 05:40:00,C0038,Direct,Direct / 2025,S38067,0.0
2025-01-15 07:45:00,C0038,Email,Email / 2025,S38067,0.0
2025-01-15 09:27:00,C0038,Google Ads,Google Ads / 2025,S38067,0.0
2025-05-30 12:23:00,C0039,Email,Email / 2025,S78222,0.0
2025-05-30 14:20:00,C0039,Instagram,Instagram / 2025,S78222,0.0
2025-05-30 16:04:00,C0039,Instagram,Instagram / 2025,S78222,0.0
2025-05-30 18:33:00,C0039,Direct,Direct / 2025,S78222,0.0
2025-06-26 18:36:00,C0039,Instagram,Instagram / 2025,S535426,0.0
2025-06-26 20:09:00,C0039,Referral,Referral / 2025,S535426,0.0
2025-06-26 22:05:00,C0039,Facebook Ads,Facebook Ads / 2025,S535426,0.0
2025-07-25 13:08:00,C0039,Google Ads,Google Ads / 2025,S251537,0.0
2025-07-25 15:39:00,C0039,Email,Email / 2025,S251537,0.0
2025-07-25 16:49:00,C0039,Referral,Referral / 2025,S251537,0.0
2025-07-25 19:10:00,C0039,Facebook Ads,Facebook Ads / 2025,S251537,0.0
2025-03-17 19:33:00,C0040,Direct,Direct / 2025,S926578,0.0
2025-03-17 21:43:00,C0040,Instagram,Instagram / 2025,S926578,0.0
2025-03-18 00:02:00,C0040,Referral,Referral / 2025,S926578,0.0
2025-01-21 23:58:00,C0041,Instagram,Instagram / 2025,S358918,0.0
2025-01-22 02:26:00,C0041,Email,Email / 2025,S358918,0.0
2025-01-22 03:46:00,C0041,Google Ads,Google Ads / 2025,S358918,0.0
2025-01-22 06:10:00,C0041,Instagram,Instagram / 2025,S358918,0.0
2025-01-22 08:21:00,C0041,Instagram,Instagram / 2025,S358918,0.0
2025-03-02 20:11:00,C0041,Facebook Ads,Facebook Ads / 2025,S303568,0.0
2025-03-02 22:28:00,C0041,Google Ads,Google Ads / 2025,S303568,0.0
2025-03-03 00:24:00,C0041,Direct,Direct / 2025,S303568,0.0
2024-11-13 20:33:00,C0043,Email,Email / 2024,S817052,0.0
2024-11-13 22:36:00,C0043,Instagram,Instagram / 2024,S817052,0.0
2024-11-14 00:55:00,C0043,Referral,Referral / 2024,S817052,0.0
2025-07-07 21:20:00,C0044,Google Ads,Google Ads / 2025,S221972,0.0
2025-07-07 23:00:00,C0044,Direct,Direct / 2025,S221972,0.0
2025-07-08 01:37:00,C0044,Facebook Ads,Facebook Ads / 2025,S221972,0.0
2025-07-08 03:29:00,C0044,Facebook Ads,Facebook Ads / 2025,S221972,0.0
2025-07-08 05:37:00,C0044,Facebook Ads,Facebook Ads / 2025,S221972,0.0
2025-07-08 07:12:00,C0044,Google Ads,Google Ads / 2025,S221972,0.0
2025-08-24 07:10:00,C0044,Google Ads,Google Ads / 2025,S758994,0.0
2025-08-24 09:08:00,C0044,Google Ads,Google Ads / 2025,S758994,0.0
2025-08-24 11:51:00,C0044,Facebook Ads,Facebook Ads / 2025,S758994,0.0
2025-08-24 13:05:00,C0044,Email,Email / 2025,S758994,0.0
2025-08-24 15:17:00,C0044,Instagram,Instagram / 2025,S758994,0.0
2025-01-11 23:47:00,C0045,Google Ads,Google Ads / 2025,S833289,0.0
2025-01-12 01:39:00,C0045,Google Ads,Google Ads / 2025,S833289,0.0
2025-01-12 03:41:00,C0045,Direct,Direct / 2025,S833289,0.0
2025-01-12 06:06:00,C0045,Referral,Referral / 2025,S833289,0.0
2025-06-04 04:59:00,C0046,Google Ads,Google Ads / 2025,S919965,0.0
2025-06-04 07:28:00,C0046,Referral,Referral / 2025,S919965,0.0
2025-06-04 09:18:00,C0046,Direct,Direct / 2025,S919965,0.0
2025-06-04 11:00:00,C0046,Google Ads,Google Ads / 2025,S919965,0.0
2025-04-02 16:11:00,C0048,Email,Email / 2025,S750230,0.0
2025-04-02 17:56:00,C0048,Email,Email / 2025,S750230,0.0
2025-04-02 19:42:00,C0048,Referral,Referral / 2025,S750230,0.0
2025-04-02 22:18:00,C0048,Referral,Referral / 2025,S750230,0.0
2025-04-16 05:54:00,C0048,Email,Email / 2025,S256695,0.0
2025-04-16 08:30:00,C0048,Facebook Ads,Facebook Ads / 2025,S256695,0.0
2025-04-16 09:59:00,C0048,Instagram,Instagram / 2025,S256695,0.0
2025-05-29 00:56:00,C0049,Email,Email / 2025,S475584,0.0
2025-05-29 03:02:00,C0049,Email,Email / 2025,S475584,0.0
2025-05-29 05:40:00,C0049,Referral,Referral / 2025,S475584,0.0
2025-06-06 23:07:00,C0049,Email,Email / 2025,S691211,0.0
2025-06-07 01:10:00,C0049,Google Ads,Google Ads / 2025,S691211,0.0
2025-06-07 03:46:00,C0049,Email,Email / 2025,S691211,0.0
2025-06-07 04:54:00,C0049,Instagram,Instagram / 2025,S691211,0.0
2025-07-23 15:23:00,C0049,Google Ads,Google Ads / 2025,S859877,0.0
2025-07-23 17:06:00,C0049,Facebook Ads,Facebook Ads / 2025,S859877,0.0
2025-07-23 19:09:00,C0049,Google Ads,Google Ads / 2025,S859877,0.0
2025-07-23 21:39:00,C0049,Google Ads,Google Ads / 2025,S859877,0.0
2025-01-15 09:39:00,C0050,Facebook Ads,Facebook Ads / 2025,S407442,0.0
2025-01-15 11:54:00,C0050,Google Ads,Google Ads / 2025,S407442,0.0
2025-01-15 13:46:00,C0050,Google Ads,Google Ads / 2025,S407442,0.0
2025-01-15 15:53:00,C0050,Referral,Referral / 2025,S407442,0.0
2025-02-04 02:27:00,C0050,Facebook Ads,Facebook Ads / 2025,S181360,0.0
2025-02-04 04:28:00,C0050,Instagram,Instagram / 2025,S181360,0.0
2025-02-04 05:32:00,C0050,Referral,Referral / 2025,S181360,0.0
2025-02-04 07:42:00,C0050,Referral,Referral / 2025,S181360,0.0
2025-02-04 09:44:00,C0050,Instagram,Instagram / 2025,S181360,0.0
2025-04-15 14:23:00,C0050,Email,Email / 2025,S316364,0.0
2025-04-15 16:25:00,C0050,Email,Email / 2025,S316364,0.0
2025-04-15 18:26:00,C0050,Direct,Direct / 2025,S316364,0.0
2025-04-15 20:17:00,C0050,Referral,Referral / 2025,S316364,0.0
2025-06-29 02:18:00,C0052,Referral,Referral / 2025,S769605,0.0
2025-06-29 04:49:00,C0052,Direct,Direct / 2025,S769605,0.0
2025-06-29 06:36:00,C0052,Referral,Referral / 2025,S769605,0.0
2025-06-23 03:27:00,C0052,Facebook Ads,Facebook Ads / 2025,S729963,0.0
2025-06-23 05:13:00,C0052,Instagram,Instagram / 2025,S729963,0.0
2025-06-23 07:27:00,C0052,Email,Email / 2025,S729963,0.0
2025-08-20 17:06:00,C0053,Direct,Direct / 2025,S489066,0.0
2025-08-20 18:50:00,C0053,Direct,Direct / 2025,S489066,0.0
2025-08-20 21:01:00,C0053,Google Ads,Google Ads / 2025,S489066,0.0
2025-08-20 22:53:00,C0053,Instagram,Instagram / 2025,S489066,0.0
2025-08-21 01:23:00,C0053,Email,Email / 2025,S489066,0.0
2025-08-21 03:09:00,C0053,Referral,Referral / 2025,S489066,0.0
2025-07-22 17:44:00,C0054,Instagram,Instagram / 2025,S553343,0.0
2025-07-22 20:25:00,C0054,Referral,Referral / 2025,S553343,0.0
2025-07-22 22:27:00,C0054,Facebook Ads,Facebook Ads / 2025,S553343,0.0
2025-07-23 00:06:00,C0054,Direct,Direct / 2025,S553343,0.0
2025-07-23 01:54:00,C0054,Direct,Direct / 2025,S553343,0.0
2025-08-31 08:08:00,C0054,Google Ads,Google Ads / 2025,S331328,0.0
2025-08-31 10:55:00,C0054,Email,Email / 2025,S331328,0.0
2025-08-31 12:37:00,C0054,Google Ads,Google Ads / 2025,S331328,0.0
2025-08-31 14:36:00,C0054,Google Ads,Google Ads / 2025,S331328,0.0
2025-10-14 14:02:00,C0054,Google Ads,Google Ads / 2025,S824255,0.0
2025-10-14 16:16:00,C0054,Google Ads,Google Ads / 2025,S824255,0.0
2025-10-14 17:58:00,C0054,Direct,Direct / 2025,S824255,0.0
2025-10-14 20:28:00,C0054,Referral,Referral / 2025,S824255,0.0
2025-10-14 21:55:00,C0054,Direct,Direct / 2025,S824255,0.0
2025-11-24 05:08:00,C0054,Referral,Referral / 2025,S21253,0.0
2025-11-24 06:48:00,C0054,Google Ads,Google Ads / 2025,S21253,0.0
2025-11-24 08:53:00,C0054,Facebook Ads,Facebook Ads / 2025,S21253,0.0
2025-11-24 10:37:00,C0054,Referral,Referral / 2025,S21253,0.0
2025-11-24 12:31:00,C0054,Google Ads,Google Ads / 2025,S21253,0.0
2025-11-24 15:12:00,C0054,Facebook Ads,Facebook Ads / 2025,S21253,0.0
2025-04-16 17:30:00,C0055,Referral,Referral / 2025,S819812,0.0
2025-04-16 19:44:00,C0055,Direct,Direct / 2025,S819812,0.0
2025-04-16 21:09:00,C0055,Facebook Ads,Facebook Ads / 2025,S819812,0.0
2025-04-16 23:51:00,C0055,Google Ads,Google Ads / 2025,S819812,0.0
2025-04-17 01:29:00,C0055,Facebook Ads,Facebook Ads / 2025,S819812,0.0
2025-04-17 03:31:00,C0055,Direct,Direct / 2025,S819812,0.0
2025-05-12 16:30:00,C0055,Referral,Referral / 2025,S295138,0.0
2025-05-12 18:08:00,C0055,Facebook Ads,Facebook Ads / 2025,S295138,0.0
2025-05-12 20:04:00,C0055,Instagram,Instagram / 2025,S295138,0.0
2025-05-12 22:36:00,C0055,Google Ads,Google Ads / 2025,S295138,0.0
2025-08-12 15:51:00,C0056,Email,Email / 2025,S645275,0.0
2025-08-12 17:29:00,C0056,Referral,Referral / 2025,S645275,0.0
2025-08-12 19:06:00,C0056,Email,Email / 2025,S645275,0.0
2025-08-12 21:10:00,C0056,Direct,Direct / 2025,S645275,0.0
2025-08-12 23:29:00,C0056,Referral,Referral / 2025,S645275,0.0
2025-08-13 01:01:00,C0056,Instagram,Instagram / 2025,S645275,0.0
2024-12-30 15:09:00,C0057,Referral,Referral / 2024,S746111,0.0
2024-12-30 17:21:00,C0057,Facebook Ads,Facebook Ads / 2024,S746111,0.0
2024-12-30 19:52:00,C0057,Facebook Ads,Facebook Ads / 2024,S746111,0.0
2024-12-30 21:15:00,C0057,Direct,Direct / 2024,S746111,0.0
2024-12-30 23:57:00,C0057,Facebook Ads,Facebook Ads / 2024,S746111,0.0
2025-02-14 19:05:00,C0058,Instagram,Instagram / 2025,S146295,0.0
2025-02-14 20:38:00,C0058,Facebook Ads,Facebook Ads / 2025,S146295,0.0
2025-02-14 22:59:00,C0058,Google Ads,Google Ads / 2025,S146295,0.0
2025-02-15 01:07:00,C0058,Email,Email / 2025,S146295,0.0
2025-02-15 03:01:00,C0058,Facebook Ads,Facebook Ads / 2025,S146295,0.0
2025-02-15 12:46:00,C0058,Referral,Referral / 2025,S273146,0.0
2025-02-15 14:00:00,C0058,Instagram,Instagram / 2025,S273146,0.0
2025-02-15 15:55:00,C0058,Instagram,Instagram / 2025,S273146,0.0
2025-02-15 18:39:00,C0058,Direct,Direct / 2025,S273146,0.0
2024-12-10 13:36:00,C0059,Instagram,Instagram / 2024,S163834,0.0
2024-12-10 15:54:00,C0059,Instagram,Instagram / 2024,S163834,0.0
2024-12-10 18:02:00,C0059,Google Ads,Google Ads / 2024,S163834,0.0
2025-03-14 22:33:00,C0061,Facebook Ads,Facebook Ads / 2025,S705860,0.0
2025-03-14 23:54:00,C0061,Facebook Ads,Facebook Ads / 2025,S705860,0.0
2025-03-15 02:19:00,C0061,Referral,Referral / 2025,S705860,0.0
2024-12-28 08:33:00,C0062,Direct,Direct / 2024,S110155,0.0
2024-12-28 10:27:00,C0062,Email,Email / 2024,S110155,0.0
2024-12-28 12:38:00,C0062,Google Ads,Google Ads / 2024,S110155,0.0
2024-12-28 14:32:00,C0062,Referral,Referral / 2024,S110155,0.0
2024-12-28 16:42:00,C0062,Direct,Direct / 2024,S110155,0.0
2024-12-28 17:53:00,C0062,Email,Email / 2024,S110155,0.0
2025-07-11 22:20:00,C0063,Direct,Direct / 2025,S659738,0.0
2025-07-12 00:41:00,C0063,Email,Email / 2025,S659738,0.0
2025-07-12 03:00:00,C0063,Facebook Ads,Facebook Ads / 2025,S659738,0.0
2025-07-12 04:50:00,C0063,Direct,Direct / 2025,S659738,0.0
2025-07-12 07:12:00,C0063,Direct,Direct / 2025,S659738,0.0
2025-07-12 09:01:00,C0063,Google Ads,Google Ads / 2025,S659738,0.0
2025-07-25 22:39:00,C0063,Facebook Ads,Facebook Ads / 2025,S136535,0.0
2025-07-26 01:01:00,C0063,Referral,Referral / 2025,S136535,0.0
2025-07-26 02:21:00,C0063,Email,Email / 2025,S136535,0.0
2025-08-05 01:07:00,C0063,Instagram,Instagram / 2025,S847467,0.0
2025-08-05 03:36:00,C0063,Referral,Referral / 2025,S847467,0.0
2025-08-05 05:46:00,C0063,Email,Email / 2025,S847467,0.0
2025-02-05 23:24:00,C0065,Google Ads,Google Ads / 2025,S852694,0.0
2025-02-06 01:05:00,C0065,Direct,Direct / 2025,S852694,0.0
2025-02-06 03:22:00,C0065,Instagram,Instagram / 2025,S852694,0.0
2025-02-06 05:33:00,C0065,Email,Email / 2025,S852694,0.0
2025-01-16 16:13:00,C0067,Email,Email / 2025,S901321,0.0
2025-01-16 18:29:00,C0067,Email,Email / 2025,S901321,0.0
2025-01-16 20:14:00,C0067,Direct,Direct / 2025,S901321,0.0
2025-07-04 02:15:00,C0068,Email,Email / 2025,S137103,0.0
2025-07-04 04:20:00,C0068,Facebook Ads,Facebook Ads / 2025,S137103,0.0
2025-07-04 06:11:00,C0068,Email,Email / 2025,S137103,0.0
2025-07-04 08:16:00,C0068,Instagram,Instagram / 2025,S137103,0.0
2025-06-29 10:08:00,C0068,Email,Email / 2025,S383395,0.0
2025-06-29 12:03:00,C0068,Direct,Direct / 2025,S383395,0.0
2025-06-29 14:01:00,C0068,Direct,Direct / 2025,S383395,0.0
2025-06-29 15:44:00,C0068,Email,Email / 2025,S383395,0.0
2025-06-29 18:33:00,C0068,Direct,Direct / 2025,S383395,0.0
2025-01-15 12:05:00,C0069,Direct,Direct / 2025,S878135,0.0
2025-01-15 15:04:00,C0069,Referral,Referral / 2025,S878135,0.0
2025-01-15 16:35:00,C0069,Direct,Direct / 2025,S878135,0.0
2025-01-15 18:09:00,C0069,Instagram,Instagram / 2025,S878135,0.0
2025-01-15 20:35:00,C0069,Instagram,Instagram / 2025,S878135,0.0
2025-01-15 22:34:00,C0069,Email,Email / 2025,S878135,0.0
2025-02-14 13:39:00,C0069,Google Ads,Google Ads / 2025,S833525,0.0
2025-02-14 15:55:00,C0069,Instagram,Instagram / 2025,S833525,0.0
2025-02-14 17:54:00,C0069,Email,Email / 2025,S833525,0.0
2025-02-14 19:19:00,C0069,Direct,Direct / 2025,S833525,0.0
2025-07-13 03:36:00,C0071,Instagram,Instagram / 2025,S806970,0.0
2025-07-13 05:37:00,C0071,Facebook Ads,Facebook Ads / 2025,S806970,0.0
2025-07-13 07:38:00,C0071,Instagram,Instagram / 2025,S806970,0.0
2024-11-02 10:05:00,C0073,Direct,Direct / 2024,S50098,0.0
2024-11-02 13:00:00,C0073,Referral,Referral / 2024,S50098,0.0
2024-11-02 14:23:00,C0073,Facebook Ads,Facebook Ads / 2024,S50098,0.0
2024-11-02 16:30:00,C0073,Email,Email / 2024,S50098,0.0
2024-11-02 18:13:00,C0073,Facebook Ads,Facebook Ads / 2024,S50098,0.0
2025-07-12 04:26:00,C0074,Direct,Direct / 2025,S493671,0.0
2025-07-12 06:25:00,C0074,Instagram,Instagram / 2025,S493671,0.0
2025-07-12 08:58:00,C0074,Direct,Direct / 2025,S493671,0.0
2025-07-12 10:58:00,C0074,Instagram,Instagram / 2025,S493671,0.0
2025-07-12 12:15:00,C0074,Instagram,Instagram / 2025,S493671,0.0
2025-07-12 15:02:00,C0074,Direct,Direct / 2025,S493671,0.0
2025-08-16 01:59:00,C0074,Instagram,Instagram / 2025,S38635,0.0
2025-08-16 03:40:00,C0074,Facebook Ads,Facebook Ads / 2025,S38635,0.0
2025-08-16 05:57:00,C0074,Direct,Direct / 2025,S38635,0.0
2025-08-16 07:25:00,C0074,Facebook Ads,Facebook Ads / 2025,S38635,0.0
2025-08-16 09:11:00,C0074,Facebook Ads,Facebook Ads / 2025,S38635,0.0
2025-08-16 11:15:00,C0074,Facebook Ads,Facebook Ads / 2025,S38635,0.0
2025-10-10 13:31:00,C0074,Facebook Ads,Facebook Ads / 2025,S866450,0.0
2025-10-10 15:39:00,C0074,Instagram,Instagram / 2025,S866450,0.0
2025-10-10 17:15:00,C0074,Google Ads,Google Ads / 2025,S866450,0.0
2025-05-09 03:23:00,C0075,Direct,Direct / 2025,S313295,0.0
2025-05-09 05:41:00,C0075,Referral,Referral / 2025,S313295,0.0
2025-05-09 07:37:00,C0075,Facebook Ads,Facebook Ads / 2025,S313295,0.0
2025-05-09 09:12:00,C0075,Instagram,Instagram / 2025,S313295,0.0
2025-05-09 11:20:00,C0075,Direct,Direct / 2025,S313295,0.0
2025-05-09 13:51:00,C0075,Referral,Referral / 2025,S313295,0.0
2025-07-16 02:55:00,C0075,Referral,Referral / 2025,S984138,0.0
2025-07-16 04:54:00,C0075,Google Ads,Google Ads / 2025,S984138,0.0
2025-07-16 06:36:00,C0075,Direct,Direct / 2025,S984138,0.0
2025-07-16 09:20:00,C0075,Google Ads,Google Ads / 2025,S984138,0.0
2025-07-16 10:33:00,C0075,Google Ads,Google Ads / 2025,S984138,0.0
2025-07-16 12:43:00,C0075,Email,Email / 2025,S984138,0.0
2025-05-27 07:17:00,C0076,Facebook Ads,Facebook Ads / 2025,S854336,0.0
2025-05-27 09:53:00,C0076,Referral,Referral / 2025,S854336,0.0
2025-05-27 11:17:00,C0076,Google Ads,Google Ads / 2025,S854336,0.0
2025-06-30 18:02:00,C0077,Direct,Direct / 2025,S998413,0.0
2025-06-30 19:42:00,C0077,Google Ads,Google Ads / 2025,S998413,0.0
2025-06-30 21:30:00,C0077,Instagram,Instagram / 2025,S998413,0.0
2025-06-30 23:23:00,C0077,Facebook Ads,Facebook Ads / 2025,S998413,0.0
2025-07-01 01:43:00,C0077,Email,Email / 2025,S998413,0.0
2025-07-01 03:44:00,C0077,Direct,Direct / 2025,S998413,0.0
2024-12-24 01:35:00,C0078,Facebook Ads,Facebook Ads / 2024,S80811,0.0
2024-12-24 03:21:00,C0078,Direct,Direct / 2024,S80811,0.0
2024-12-24 04:42:00,C0078,Direct,Direct / 2024,S80811,0.0
2025-01-21 15:25:00,C0078,Direct,Direct / 2025,S499909,0.0
2025-01-21 17:00:00,C0078,Referral,Referral / 2025,S499909,0.0
2025-01-21 19:33:00,C0078,Referral,Referral / 2025,S499909,0.0
2025-01-21 21:14:00,C0078,Direct,Direct / 2025,S499909,0.0
2025-01-21 23:24:00,C0078,Facebook Ads,Facebook Ads / 2025,S499909,0.0
